px_t,py_t,v_t,psi_t,omega_t,a_t,delta_t,px_t1,py_t1,v_t1,psi_t1,omega_t1
1.6283941778255697,-1.6885662210319428,31.622776601683793,-0.1,-10.0,-0.2882420091324201,-0.0009710997568900206,1.6283989560519363,-1.6887337353544731,31.622776601683793,-0.2,-10.0
1.6283989560519363,-1.6887337353544731,31.622776601683793,-0.2,-10.0,-0.25790074501321797,-0.0008688787843231661,1.628401594597628,-1.6889041832600535,31.622776601683793,-0.3,-10.0
1.628401594597628,-1.6889041832600535,31.622776601683793,-0.3,-10.0,-0.2275594808940159,-0.000766657793598254,1.6284020670991686,-1.6890758616895543,31.622776601683793,-0.4,-10.0
1.6284020670991686,-1.6890758616895543,31.622776601683793,-0.4,-10.0,-0.19721821677481374,-0.0006644367868515208,1.6284003688354782,-1.6892470552888568,31.622776601683793,-0.5,-10.0
1.6284003688354782,-1.6892470552888568,31.622776601683793,-0.5,-10.0,-0.16687695265561164,-0.0005622157662192056,1.6283965167750467,-1.689416053548106,31.622776601683793,-0.6,-10.0
1.6283965167750467,-1.689416053548106,31.622776601683793,-0.6,-10.0,-0.13653568853640954,-0.00045999473383754854,1.6283905494063888,-1.6895811678925592,31.622776601683793,-0.7000000000000001,-10.0
1.6283905494063888,-1.6895811678925592,31.622776601683793,-0.7000000000000001,-10.0,-0.1061944244172074,-0.0003577736918427917,1.6283825263534792,-1.6897407485542657,31.622776601683793,-0.8,-10.0
1.6283825263534792,-1.6897407485542657,31.622776601683793,-0.8,-10.0,-0.07585316029800529,-0.00025555264237117815,1.6283725277800107,-1.6898932010560042,31.622776601683793,-0.9,-10.0
1.6283725277800107,-1.6898932010560042,31.622776601683793,-0.9,-10.0,-0.045511896178803184,-0.00015333158755895205,1.6283606535884243,-1.6900370021427717,31.622776601683793,-1.0,-10.0
1.6283606535884243,-1.6900370021427717,31.622776601683793,-1.0,-10.0,-0.015170632059601064,-5.111052954235819e-05,1.6283470224217171,-1.6901707150016432,31.622776601683793,-1.1,-10.0
1.6283470224217171,-1.6901707150016432,31.622776601683793,-1.1,-10.0,0.01517063205960103,5.111052954235819e-05,1.6283317704780012,-1.6902930036179327,31.622776601683793,-1.2,-10.0
1.6283317704780012,-1.6902930036179327,31.622776601683793,-1.2,-10.0,0.04551189617880315,0.00015333158755895205,1.6283150501496562,-1.6904026461242094,31.622776601683793,-1.3,-10.0
1.6283150501496562,-1.6904026461242094,31.622776601683793,-1.3,-10.0,0.07585316029800529,0.00025555264237117815,1.6282970285006761,-1.6904985470087939,31.622776601683793,-1.4000000000000001,-10.0
1.6282970285006761,-1.6904985470087939,31.622776601683793,-1.4000000000000001,-10.0,0.1061944244172074,0.00035777369184279164,1.6282778855974207,-1.6905797480617473,31.622776601683793,-1.5,-10.0
1.6282778855974207,-1.6905797480617473,31.622776601683793,-1.5,-10.0,0.13653568853640954,0.00045999473383754864,1.6282578127094511,-1.6906454379489906,31.622776601683793,-1.6,-10.0
1.6282578127094511,-1.6906454379489906,31.622776601683793,-1.6,-10.0,0.16687695265561164,0.0005622157662192056,1.628237010398429,-1.6906949603188843,31.622776601683793,-1.7,-10.0
1.628237010398429,-1.6906949603188843,31.622776601683793,-1.7,-10.0,0.19721821677481371,0.0006644367868515209,1.6282156865141693,-1.6907278203602785,31.622776601683793,-1.8,-10.0
1.6282156865141693,-1.6907278203602785,31.622776601683793,-1.8,-10.0,0.22755948089401587,0.000766657793598254,1.6281940541178752,-1.6907436897465018,31.622776601683793,-1.9000000000000001,-10.0
1.6281940541178752,-1.6907436897465018,31.622776601683793,-1.9000000000000001,-10.0,0.25790074501321797,0.0008688787843231663,1.6281723293533,-1.6907424099158925,31.622776601683793,-2.0,-10.0
1.6281723293533,-1.6907424099158925,31.622776601683793,-2.0,-10.0,0.2882420091324201,0.0009710997568900206,1.6281507292871094,-1.6907239936560954,31.622776601683793,-2.0894736842105264,-8.947368421052632
1.6281507292871094,-1.6907239936560954,31.622776601683793,-2.0894736842105264,-8.947368421052632,-0.2882420091324201,-0.0009710997568900206,1.628129423816203,-1.6906903957153143,31.622776601683793,-2.1789473684210527,-8.947368421052632
1.628129423816203,-1.6906903957153143,31.622776601683793,-2.1789473684210527,-8.947368421052632,-0.25790074501321797,-0.0008688787843231661,1.6281085833886273,-1.6906418848838252,31.622776601683793,-2.268421052631579,-8.947368421052632
1.6281085833886273,-1.6906418848838252,31.622776601683793,-2.268421052631579,-8.947368421052632,-0.2275594808940159,-0.000766657793598254,1.6280883747319896,-1.6905788492580232,31.622776601683793,-2.357894736842105,-8.947368421052632
1.6280883747319896,-1.6905788492580232,31.622776601683793,-2.357894736842105,-8.947368421052632,-0.19721821677481374,-0.0006644367868515208,1.6280689595196018,-1.6905017931355772,31.622776601683793,-2.4473684210526314,-8.947368421052632
1.6280689595196018,-1.6905017931355772,31.622776601683793,-2.4473684210526314,-8.947368421052632,-0.16687695265561164,-0.0005622157662192056,1.6280504930770632,-1.690411332980945,31.622776601683793,-2.536842105263158,-8.947368421052632
1.6280504930770632,-1.690411332980945,31.622776601683793,-2.536842105263158,-8.947368421052632,-0.13653568853640954,-0.00045999473383754854,1.6280331231396232,-1.6903081924935335,31.622776601683793,-2.6263157894736846,-8.947368421052632
1.6280331231396232,-1.6903081924935335,31.622776601683793,-2.6263157894736846,-8.947368421052632,-0.1061944244172074,-0.0003577736918427917,1.628016988670271,-1.6901931968179607,31.622776601683793,-2.715789473684211,-8.947368421052632
1.628016988670271,-1.6901931968179607,31.622776601683793,-2.715789473684211,-8.947368421052632,-0.07585316029800529,-0.00025555264237117815,1.6280022187480012,-1.6900672659427294,31.622776601683793,-2.805263157894738,-8.947368421052632
1.6280022187480012,-1.6900672659427294,31.622776601683793,-2.805263157894738,-8.947368421052632,-0.045511896178803184,-0.00015333158755895205,1.6279889315351597,-1.6899314073401375,31.622776601683793,-2.894736842105264,-8.947368421052632
1.6279889315351597,-1.6899314073401375,31.622776601683793,-2.894736842105264,-8.947368421052632,-0.015170632059601064,-5.111052954235819e-05,1.6279772333321179,-1.689786707906295,31.622776601683793,-2.984210526315791,-8.947368421052632
1.6279772333321179,-1.689786707906295,31.622776601683793,-2.984210526315791,-8.947368421052632,0.01517063205960103,5.111052954235819e-05,1.62796721772685,-1.6896343252657384,31.622776601683793,-3.0736842105263174,-8.947368421052632
1.62796721772685,-1.6896343252657384,31.622776601683793,-3.0736842105263174,-8.947368421052632,0.04551189617880315,0.00015333158755895205,1.62795896484621,-1.689475478510201,31.622776601683793,-3.163157894736844,-8.947368421052632
1.62795896484621,-1.689475478510201,31.622776601683793,-3.163157894736844,-8.947368421052632,0.07585316029800529,0.00025555264237117815,1.6279525407149007,-1.6893114384456347,31.622776601683793,-3.2526315789473705,-8.947368421052632
1.6279525407149007,-1.6893114384456347,31.622776601683793,-3.2526315789473705,-8.947368421052632,0.1061944244172074,0.00035777369184279164,1.627947996727263,-1.6891435174255058,31.622776601683793,-3.3421052631578974,-8.947368421052632
1.627947996727263,-1.6891435174255058,31.622776601683793,-3.3421052631578974,-8.947368421052632,0.13653568853640954,0.00045999473383754864,1.6279453692361103,-1.6889730588517058,31.622776601683793,-3.4315789473684237,-8.947368421052632
1.6279453692361103,-1.6889730588517058,31.622776601683793,-3.4315789473684237,-8.947368421052632,0.16687695265561164,0.0005622157662192056,1.6279446792619003,-1.6888014264270648,31.622776601683793,-3.52105263157895,-8.947368421052632
1.6279446792619003,-1.6888014264270648,31.622776601683793,-3.52105263157895,-8.947368421052632,0.19721821677481371,0.0006644367868515209,1.627945932324565,-1.6886299932454554,31.622776601683793,-3.610526315789477,-8.947368421052632
1.627945932324565,-1.6886299932454554,31.622776601683793,-3.610526315789477,-8.947368421052632,0.22755948089401587,0.000766657793598254,1.6279491183993515,-1.6884601308067662,31.622776601683793,-3.7000000000000033,-8.947368421052632
1.6279491183993515,-1.6884601308067662,31.622776601683793,-3.7000000000000033,-8.947368421052632,0.25790074501321797,0.0008688787843231663,1.6279542119970214,-1.6882931980446263,31.622776601683793,-3.78947368421053,-8.947368421052632
1.6279542119970214,-1.6882931980446263,31.622776601683793,-3.78947368421053,-8.947368421052632,0.2882420091324201,0.0009710997568900206,1.6279611723677698,-1.6881305304546645,31.622776601683793,-3.8684210526315828,-7.894736842105264
1.6279611723677698,-1.6881305304546645,31.622776601683793,-3.8684210526315828,-7.894736842105264,-0.2882420091324201,-0.0009710997568900206,1.6279697341246948,-1.6879727083345162,31.622776601683793,-3.9473684210526354,-7.894736842105264
1.6279697341246948,-1.6879727083345162,31.622776601683793,-3.9473684210526354,-7.894736842105264,-0.25790074501321797,-0.0008688787843231661,1.6279798439327553,-1.687820714829259,31.622776601683793,-4.026315789473688,-7.894736842105264
1.6279798439327553,-1.687820714829259,31.622776601683793,-4.026315789473688,-7.894736842105264,-0.2275594808940159,-0.000766657793598254,1.627991438813403,-1.6876754967749032,31.622776601683793,-4.105263157894741,-7.894736842105264
1.627991438813403,-1.6876754967749032,31.622776601683793,-4.105263157894741,-7.894736842105264,-0.19721821677481374,-0.0006644367868515208,1.6280044465369032,-1.6875379588001238,31.622776601683793,-4.184210526315793,-7.894736842105264
1.6280044465369032,-1.6875379588001238,31.622776601683793,-4.184210526315793,-7.894736842105264,-0.16687695265561164,-0.0005622157662192056,1.628018786072287,-1.6874089576909204,31.622776601683793,-4.263157894736846,-7.894736842105264
1.628018786072287,-1.6874089576909204,31.622776601683793,-4.263157894736846,-7.894736842105264,-0.13653568853640954,-0.00045999473383754854,1.6280343680921294,-1.6872892970533107,31.622776601683793,-4.342105263157898,-7.894736842105264
1.6280343680921294,-1.6872892970533107,31.622776601683793,-4.342105263157898,-7.894736842105264,-0.1061944244172074,-0.0003577736918427917,1.6280510955290097,-1.6871797223073084,31.622776601683793,-4.421052631578951,-7.894736842105264
1.6280510955290097,-1.6871797223073084,31.622776601683793,-4.421052631578951,-7.894736842105264,-0.07585316029800529,-0.00025555264237117815,1.6280688641801886,-1.6870809160433646,31.622776601683793,-4.5000000000000036,-7.894736842105264
1.6280688641801886,-1.6870809160433646,31.622776601683793,-4.5000000000000036,-7.894736842105264,-0.045511896178803184,-0.00015333158755895205,1.6280875633567335,-1.6869934937702054,31.622776601683793,-4.578947368421056,-7.894736842105264
1.6280875633567335,-1.6869934937702054,31.622776601683793,-4.578947368421056,-7.894736842105264,-0.015170632059601064,-5.111052954235819e-05,1.6281070765730512,-1.6869180000805497,31.622776601683793,-4.657894736842109,-7.894736842105264
1.6281070765730512,-1.6869180000805497,31.622776601683793,-4.657894736842109,-7.894736842105264,0.01517063205960103,5.111052954235819e-05,1.6281272822725275,-1.6868549052585968,31.622776601683793,-4.736842105263161,-7.894736842105264
1.6281272822725275,-1.6868549052585968,31.622776601683793,-4.736842105263161,-7.894736842105264,0.04551189617880315,0.00015333158755895205,1.628148054584758,-1.6868046023504144,31.622776601683793,-4.815789473684214,-7.894736842105264
1.628148054584758,-1.6868046023504144,31.622776601683793,-4.815789473684214,-7.894736842105264,0.07585316029800529,0.00025555264237117815,1.6281692641096532,-1.6867674047154761,31.622776601683793,-4.894736842105266,-7.894736842105264
1.6281692641096532,-1.6867674047154761,31.622776601683793,-4.894736842105266,-7.894736842105264,0.1061944244172074,0.00035777369184279164,1.6281907787235286,-1.6867435440746064,31.622776601683793,-4.9736842105263195,-7.894736842105264
1.6281907787235286,-1.6867435440746064,31.622776601683793,-4.9736842105263195,-7.894736842105264,0.13653568853640954,0.00045999473383754864,1.6282124644021632,-1.6867331690664846,31.622776601683793,-5.052631578947372,-7.894736842105264
1.6282124644021632,-1.6867331690664846,31.622776601683793,-5.052631578947372,-7.894736842105264,0.16687695265561164,0.0005622157662192056,1.6282341860556957,-1.6867363443217107,31.622776601683793,-5.131578947368424,-7.894736842105264
1.6282341860556957,-1.6867363443217107,31.622776601683793,-5.131578947368424,-7.894736842105264,0.19721821677481371,0.0006644367868515209,1.6282558083701628,-1.6867530500601888,31.622776601683793,-5.210526315789478,-7.894736842105264
1.6282558083701628,-1.6867530500601888,31.622776601683793,-5.210526315789478,-7.894736842105264,0.22755948089401587,0.000766657793598254,1.6282771966504268,-1.6867831822143495,31.622776601683793,-5.289473684210531,-7.894736842105264
1.6282771966504268,-1.6867831822143495,31.622776601683793,-5.289473684210531,-7.894736842105264,0.25790074501321797,0.0008688787843231663,1.6282982176592558,-1.6868265530774305,31.622776601683793,-5.368421052631584,-7.894736842105264
1.6282982176592558,-1.6868265530774305,31.622776601683793,-5.368421052631584,-7.894736842105264,0.2882420091324201,0.0009710997568900206,1.6283187404473172,-1.6868828924727897,31.622776601683793,-5.436842105263163,-6.842105263157895
1.6283187404473172,-1.6868828924727897,31.622776601683793,-5.436842105263163,-6.842105263157895,-0.2882420091324201,-0.0009710997568900206,1.6283387278988581,-1.6869501902232353,31.622776601683793,-5.505263157894742,-6.842105263157895
1.6283387278988581,-1.6869501902232353,31.622776601683793,-5.505263157894742,-6.842105263157895,-0.25790074501321797,-0.0008688787843231661,1.6283580864803127,-1.6870281314012447,31.622776601683793,-5.573684210526322,-6.842105263157895
1.6283580864803127,-1.6870281314012447,31.622776601683793,-5.573684210526322,-6.842105263157895,-0.2275594808940159,-0.000766657793598254,1.628376725600984,-1.687116351272159,31.622776601683793,-5.642105263157901,-6.842105263157895
1.628376725600984,-1.687116351272159,31.622776601683793,-5.642105263157901,-6.842105263157895,-0.19721821677481374,-0.0006644367868515208,1.6283945580369752,-1.6872144370009992,31.622776601683793,-5.71052631578948,-6.842105263157895
1.6283945580369752,-1.6872144370009992,31.622776601683793,-5.71052631578948,-6.842105263157895,-0.16687695265561164,-0.0005622157662192056,1.6284115003393616,-1.6873219295843755,31.622776601683793,-5.778947368421059,-6.842105263157895
1.6284115003393616,-1.6873219295843755,31.622776601683793,-5.778947368421059,-6.842105263157895,-0.13653568853640954,-0.00045999473383754854,1.6284274732247004,-1.687438325998447,31.622776601683793,-5.847368421052638,-6.842105263157895
1.6284274732247004,-1.687438325998447,31.622776601683793,-5.847368421052638,-6.842105263157895,-0.1061944244172074,-0.0003577736918427917,1.6284424019460477,-1.6875630815528773,31.622776601683793,-5.915789473684217,-6.842105263157895
1.6284424019460477,-1.6875630815528773,31.622776601683793,-5.915789473684217,-6.842105263157895,-0.07585316029800529,-0.00025555264237117815,1.6284562166427445,-1.6876956124397768,31.622776601683793,-5.984210526315796,-6.842105263157895
1.6284562166427445,-1.6876956124397768,31.622776601683793,-5.984210526315796,-6.842105263157895,-0.045511896178803184,-0.00015333158755895205,1.628468852667336,-1.6878352984656984,31.622776601683793,-6.052631578947376,-6.842105263157895
1.628468852667336,-1.6878352984656984,31.622776601683793,-6.052631578947376,-6.842105263157895,-0.015170632059601064,-5.111052954235819e-05,1.6284802508881009,-1.687981485953903,31.622776601683793,-6.121052631578955,-6.842105263157895
1.6284802508881009,-1.687981485953903,31.622776601683793,-6.121052631578955,-6.842105263157895,0.01517063205960103,5.111052954235819e-05,1.6284903579657601,-1.6881334908033152,31.622776601683793,-6.189473684210534,-6.842105263157895
1.6284903579657601,-1.6881334908033152,31.622776601683793,-6.189473684210534,-6.842105263157895,0.04551189617880315,0.00015333158755895205,1.628499126603088,-1.6882906016898518,31.622776601683793,-6.257894736842113,-6.842105263157895
1.628499126603088,-1.6882906016898518,31.622776601683793,-6.257894736842113,-6.842105263157895,0.07585316029800529,0.00025555264237117815,1.6285065157662422,-1.6884520833951455,31.622776601683793,-6.326315789473693,-6.842105263157895
1.6285065157662422,-1.6884520833951455,31.622776601683793,-6.326315789473693,-6.842105263157895,0.1061944244172074,0.00035777369184279164,1.6285124908767894,-1.6886171802470817,31.622776601683793,-6.394736842105272,-6.842105263157895
1.6285124908767894,-1.6886171802470817,31.622776601683793,-6.394736842105272,-6.842105263157895,0.13653568853640954,0.00045999473383754864,1.6285170239735156,-1.6887851196560544,31.622776601683793,-6.463157894736851,-6.842105263157895
1.6285170239735156,-1.6887851196560544,31.622776601683793,-6.463157894736851,-6.842105263157895,0.16687695265561164,0.0005622157662192056,1.6285200938432765,-1.688955115730386,31.622776601683793,-6.5315789473684305,-6.842105263157895
1.6285200938432765,-1.688955115730386,31.622776601683793,-6.5315789473684305,-6.842105263157895,0.19721821677481371,0.0006644367868515209,1.6285216861202645,-1.6891263729539983,31.622776601683793,-6.600000000000009,-6.842105263157895
1.6285216861202645,-1.6891263729539983,31.622776601683793,-6.600000000000009,-6.842105263157895,0.22755948089401587,0.000766657793598254,1.628521793353238,-1.6892980899091208,31.622776601683793,-6.668421052631588,-6.842105263157895
1.628521793353238,-1.6892980899091208,31.622776601683793,-6.668421052631588,-6.842105263157895,0.25790074501321797,0.0008688787843231663,1.6285204150403882,-1.689469463026617,31.622776601683793,-6.736842105263167,-6.842105263157895
1.6285204150403882,-1.689469463026617,31.622776601683793,-6.736842105263167,-6.842105263157895,0.2882420091324201,0.0009710997568900206,1.6285175576316873,-1.6896396903463777,31.622776601683793,-6.794736842105273,-5.7894736842105265
1.6285175576316873,-1.6896396903463777,31.622776601683793,-6.794736842105273,-5.7894736842105265,-0.2882420091324201,-0.0009710997568900206,1.6285134588487398,-1.6898083256286698,31.622776601683793,-6.852631578947378,-5.7894736842105265
1.6285134588487398,-1.6898083256286698,31.622776601683793,-6.852631578947378,-5.7894736842105265,-0.25790074501321797,-0.0008688787843231661,1.6285081324260118,-1.6899748037995215,31.622776601683793,-6.910526315789483,-5.7894736842105265
1.6285081324260118,-1.6899748037995215,31.622776601683793,-6.910526315789483,-5.7894736842105265,-0.2275594808940159,-0.000766657793598254,1.628501596211624,-1.6901385670131495,31.622776601683793,-6.968421052631588,-5.7894736842105265
1.628501596211624,-1.6901385670131495,31.622776601683793,-6.968421052631588,-5.7894736842105265,-0.19721821677481374,-0.0006644367868515208,1.6284938721075446,-1.6902990665212239,31.622776601683793,-7.026315789473694,-5.7894736842105265
1.6284938721075446,-1.6902990665212239,31.622776601683793,-7.026315789473694,-5.7894736842105265,-0.16687695265561164,-0.0005622157662192056,1.6284849859961996,-1.6904557645116496,31.622776601683793,-7.084210526315799,-5.7894736842105265
1.6284849859961996,-1.6904557645116496,31.622776601683793,-7.084210526315799,-5.7894736842105265,-0.13653568853640954,-0.00045999473383754854,1.6284749676537433,-1.6906081359107017,31.622776601683793,-7.142105263157904,-5.7894736842105265
1.6284749676537433,-1.6906081359107017,31.622776601683793,-7.142105263157904,-5.7894736842105265,-0.1061944244172074,-0.0003577736918427917,1.628463850650283,-1.6907556701424773,31.622776601683793,-7.200000000000009,-5.7894736842105265
1.628463850650283,-1.6907556701424773,31.622776601683793,-7.200000000000009,-5.7894736842105265,-0.07585316029800529,-0.00025555264237117815,1.6284516722373907,-1.6908978728397643,31.622776601683793,-7.257894736842115,-5.7894736842105265
1.6284516722373907,-1.6908978728397643,31.622776601683793,-7.257894736842115,-5.7894736842105265,-0.045511896178803184,-0.00015333158755895205,1.6284384732232775,-1.6910342675006007,31.622776601683793,-7.3157894736842195,-5.7894736842105265
1.6284384732232775,-1.6910342675006007,31.622776601683793,-7.3157894736842195,-5.7894736842105265,-0.015170632059601064,-5.111052954235819e-05,1.6284242978360495,-1.6911643970849668,31.622776601683793,-7.373684210526325,-5.7894736842105265
1.6284242978360495,-1.6911643970849668,31.622776601683793,-7.373684210526325,-5.7894736842105265,0.01517063205960103,5.111052954235819e-05,1.6284091935755085,-1.6912878255462653,31.622776601683793,-7.43157894736843,-5.7894736842105265
1.6284091935755085,-1.6912878255462653,31.622776601683793,-7.43157894736843,-5.7894736842105265,0.04551189617880315,0.00015333158755895205,1.628393211053984,-1.691404139292454,31.622776601683793,-7.489473684210536,-5.7894736842105265
1.628393211053984,-1.691404139292454,31.622776601683793,-7.489473684210536,-5.7894736842105265,0.07585316029800529,0.00025555264237117815,1.6283764038267392,-1.6915129485719356,31.622776601683793,-7.54736842105264,-5.7894736842105265
1.6283764038267392,-1.6915129485719356,31.622776601683793,-7.54736842105264,-5.7894736842105265,0.1061944244172074,0.00035777369184279164,1.6283588282125139,-1.691613888779565,31.622776601683793,-7.605263157894746,-5.7894736842105265
1.6283588282125139,-1.691613888779565,31.622776601683793,-7.605263157894746,-5.7894736842105265,0.13653568853640954,0.00045999473383754864,1.6283405431048092,-1.6917066216783894,31.622776601683793,-7.663157894736851,-5.7894736842105265
1.6283405431048092,-1.6917066216783894,31.622776601683793,-7.663157894736851,-5.7894736842105265,0.16687695265561164,0.0005622157662192056,1.6283216097745423,-1.6917908365330347,31.622776601683793,-7.7210526315789565,-5.7894736842105265
1.6283216097745423,-1.6917908365330347,31.622776601683793,-7.7210526315789565,-5.7894736842105265,0.19721821677481371,0.0006644367868515209,1.6283020916647366,-1.6918662511509392,31.622776601683793,-7.778947368421061,-5.7894736842105265
1.6283020916647366,-1.6918662511509392,31.622776601683793,-7.778947368421061,-5.7894736842105265,0.22755948089401587,0.000766657793598254,1.628282054177932,-1.6919326128279413,31.622776601683793,-7.836842105263167,-5.7894736842105265
1.628282054177932,-1.6919326128279413,31.622776601683793,-7.836842105263167,-5.7894736842105265,0.25790074501321797,0.0008688787843231663,1.6282615644570304,-1.6919896991950563,31.622776601683793,-7.894736842105272,-5.7894736842105265
1.6282615644570304,-1.6919896991950563,31.622776601683793,-7.894736842105272,-5.7894736842105265,0.2882420091324201,0.0009710997568900206,1.6282406911603096,-1.692037318963607,31.622776601683793,-7.942105263157903,-4.7368421052631575
1.6282406911603096,-1.692037318963607,31.622776601683793,-7.942105263157903,-4.7368421052631575,-0.2882420091324201,-0.0009710997568900206,1.6282195560024582,-1.6920770731990953,31.622776601683793,-7.989473684210534,-4.7368421052631575
1.6282195560024582,-1.6920770731990953,31.622776601683793,-7.989473684210534,-4.7368421052631575,-0.25790074501321797,-0.0008688787843231661,1.6281982063969864,-1.692108872718944,31.622776601683793,-8.036842105263165,-4.7368421052631575
1.6281982063969864,-1.692108872718944,31.622776601683793,-8.036842105263165,-4.7368421052631575,-0.2275594808940159,-0.000766657793598254,1.6281766902384847,-1.6921326461857702,31.622776601683793,-8.084210526315797,-4.7368421052631575
1.6281766902384847,-1.6921326461857702,31.622776601683793,-8.084210526315797,-4.7368421052631575,-0.19721821677481374,-0.0006644367868515208,1.6281550557951798,-1.6921483402674193,31.622776601683793,-8.131578947368428,-4.7368421052631575
1.6281550557951798,-1.6921483402674193,31.622776601683793,-8.131578947368428,-4.7368421052631575,-0.16687695265561164,-0.0005622157662192056,1.6281333516006529,-1.692155919756608,31.622776601683793,-8.17894736842106,-4.7368421052631575
1.6281333516006529,-1.692155919756608,31.622776601683793,-8.17894736842106,-4.7368421052631575,-0.13653568853640954,-0.00045999473383754854,1.6281116263449609,-1.6921553676499055,31.622776601683793,-8.22631578947369,-4.7368421052631575
1.6281116263449609,-1.6921553676499055,31.622776601683793,-8.22631578947369,-4.7368421052631575,-0.1061944244172074,-0.0003577736918427917,1.6280899287654083,-1.6921466851858793,31.622776601683793,-8.273684210526321,-4.7368421052631575
1.6280899287654083,-1.6921466851858793,31.622776601683793,-8.273684210526321,-4.7368421052631575,-0.07585316029800529,-0.00025555264237117815,1.6280683075372129,-1.6921298918423158,31.622776601683793,-8.321052631578953,-4.7368421052631575
1.6280683075372129,-1.6921298918423158,31.622776601683793,-8.321052631578953,-4.7368421052631575,-0.045511896178803184,-0.00015333158755895205,1.628046811164309,-1.6921050252925258,31.622776601683793,-8.368421052631584,-4.7368421052631575
1.628046811164309,-1.6921050252925258,31.622776601683793,-8.368421052631584,-4.7368421052631575,-0.015170632059601064,-5.111052954235819e-05,1.628025487870538,-1.6920721413208288,31.622776601683793,-8.415789473684216,-4.7368421052631575
1.628025487870538,-1.6920721413208288,31.622776601683793,-8.415789473684216,-4.7368421052631575,0.01517063205960103,5.111052954235819e-05,1.628004385491464,-1.6920313136974108,31.622776601683793,-8.463157894736847,-4.7368421052631575
1.628004385491464,-1.6920313136974108,31.622776601683793,-8.463157894736847,-4.7368421052631575,0.04551189617880315,0.00015333158755895205,1.6279835513670626,-1.6919826340128306,31.622776601683793,-8.510526315789477,-4.7368421052631575
1.6279835513670626,-1.6919826340128306,31.622776601683793,-8.510526315789477,-4.7368421052631575,0.07585316029800529,0.00025555264237117815,1.6279630322355212,-1.6919262114725522,31.622776601683793,-8.557894736842108,-4.7368421052631575
1.6279630322355212,-1.6919262114725522,31.622776601683793,-8.557894736842108,-4.7368421052631575,0.1061944244172074,0.00035777369184279164,1.6279428741283881,-1.6918621726519572,31.622776601683793,-8.60526315789474,-4.7368421052631575
1.6279428741283881,-1.6918621726519572,31.622776601683793,-8.60526315789474,-4.7368421052631575,0.13653568853640954,0.00045999473383754864,1.6279231222673094,-1.6917906612123932,31.622776601683793,-8.652631578947371,-4.7368421052631575
1.6279231222673094,-1.6917906612123932,31.622776601683793,-8.652631578947371,-4.7368421052631575,0.16687695265561164,0.0005622157662192056,1.6279038209625785,-1.6917118375788909,31.622776601683793,-8.700000000000003,-4.7368421052631575
1.6279038209625785,-1.6917118375788909,31.622776601683793,-8.700000000000003,-4.7368421052631575,0.19721821677481371,0.0006644367868515209,1.6278850135137353,-1.6916258785802754,31.622776601683793,-8.747368421052634,-4.7368421052631575
1.6278850135137353,-1.6916258785802754,31.622776601683793,-8.747368421052634,-4.7368421052631575,0.22755948089401587,0.000766657793598254,1.6278667421124287,-1.6915329770524776,31.622776601683793,-8.794736842105264,-4.7368421052631575
1.6278667421124287,-1.6915329770524776,31.622776601683793,-8.794736842105264,-4.7368421052631575,0.25790074501321797,0.0008688787843231663,1.627849047747767,-1.6914333414059355,31.622776601683793,-8.842105263157896,-4.7368421052631575
1.627849047747767,-1.6914333414059355,31.622776601683793,-8.842105263157896,-4.7368421052631575,0.2882420091324201,0.0009710997568900206,1.6278319701143642,-1.6913271951580582,31.622776601683793,-8.878947368421054,-3.6842105263157894
1.6278319701143642,-1.6913271951580582,31.622776601683793,-8.878947368421054,-3.6842105263157894,-0.2882420091324201,-0.0009710997568900206,1.6278153987214339,-1.6912161490081008,31.622776601683793,-8.915789473684212,-3.6842105263157894
1.6278153987214339,-1.6912161490081008,31.622776601683793,-8.915789473684212,-3.6842105263157894,-0.25790074501321797,-0.0008688787843231661,1.6277993560594588,-1.6911003536664762,31.622776601683793,-8.952631578947372,-3.6842105263157894
1.6277993560594588,-1.6911003536664762,31.622776601683793,-8.952631578947372,-3.6842105263157894,-0.2275594808940159,-0.000766657793598254,1.6277838639013342,-1.6909799662891392,31.622776601683793,-8.98947368421053,-3.6842105263157894
1.6277838639013342,-1.6909799662891392,31.622776601683793,-8.98947368421053,-3.6842105263157894,-0.19721821677481374,-0.0006644367868515208,1.6277689432728186,-1.690855150264297,31.622776601683793,-9.026315789473689,-3.6842105263157894
1.6277689432728186,-1.690855150264297,31.622776601683793,-9.026315789473689,-3.6842105263157894,-0.16687695265561164,-0.0005622157662192056,1.627754614423998,-1.6907260749906605,31.622776601683793,-9.063157894736847,-3.6842105263157894
1.627754614423998,-1.6907260749906605,31.622776601683793,-9.063157894736847,-3.6842105263157894,-0.13653568853640954,-0.00045999473383754854,1.6277408968018028,-1.6905929156475383,31.622776601683793,-9.100000000000005,-3.6842105263157894
1.6277408968018028,-1.6905929156475383,31.622776601683793,-9.100000000000005,-3.6842105263157894,-0.1061944244172074,-0.0003577736918427917,1.6277278090236142,-1.690455852957086,31.622776601683793,-9.136842105263163,-3.6842105263157894
1.6277278090236142,-1.690455852957086,31.622776601683793,-9.136842105263163,-3.6842105263157894,-0.07585316029800529,-0.00025555264237117815,1.6277153688519967,-1.690315072939032,31.622776601683793,-9.173684210526321,-3.6842105263157894
1.6277153688519967,-1.690315072939032,31.622776601683793,-9.173684210526321,-3.6842105263157894,-0.045511896178803184,-0.00015333158755895205,1.6277035931705925,-1.6901707666582144,31.622776601683793,-9.21052631578948,-3.6842105263157894
1.6277035931705925,-1.6901707666582144,31.622776601683793,-9.21052631578948,-3.6842105263157894,-0.015170632059601064,-5.111052954235819e-05,1.6276924979612055,-1.6900231299652697,31.622776601683793,-9.247368421052638,-3.6842105263157894
1.6276924979612055,-1.6900231299652697,31.622776601683793,-9.247368421052638,-3.6842105263157894,0.01517063205960103,5.111052954235819e-05,1.6276820982821116,-1.6898723632308272,31.622776601683793,-9.284210526315796,-3.6842105263157894
1.6276820982821116,-1.6898723632308272,31.622776601683793,-9.284210526315796,-3.6842105263157894,0.04551189617880315,0.00015333158755895205,1.6276724082476222,-1.6897186710735685,31.622776601683793,-9.321052631578954,-3.6842105263157894
1.6276724082476222,-1.6897186710735685,31.622776601683793,-9.321052631578954,-3.6842105263157894,0.07585316029800529,0.00025555264237117815,1.627663441008928,-1.6895622620825217,31.622776601683793,-9.357894736842113,-3.6842105263157894
1.627663441008928,-1.6895622620825217,31.622776601683793,-9.357894736842113,-3.6842105263157894,0.1061944244172074,0.00035777369184279164,1.6276552087362508,-1.6894033485339668,31.622776601683793,-9.394736842105273,-3.6842105263157894
1.6276552087362508,-1.6894033485339668,31.622776601683793,-9.394736842105273,-3.6842105263157894,0.13653568853640954,0.00045999473383754864,1.6276477226023254,-1.689242146103337,31.622776601683793,-9.43157894736843,-3.6842105263157894
1.6276477226023254,-1.689242146103337,31.622776601683793,-9.43157894736843,-3.6842105263157894,0.16687695265561164,0.0005622157662192056,1.6276409927672368,-1.689078873572507,31.622776601683793,-9.468421052631589,-3.6842105263157894
1.6276409927672368,-1.689078873572507,31.622776601683793,-9.468421052631589,-3.6842105263157894,0.19721821677481371,0.0006644367868515209,1.6276350283646313,-1.6889137525328655,31.622776601683793,-9.505263157894747,-3.6842105263157894
1.6276350283646313,-1.6889137525328655,31.622776601683793,-9.505263157894747,-3.6842105263157894,0.22755948089401587,0.000766657793598254,1.6276298374893197,-1.688747007084573,31.622776601683793,-9.542105263157906,-3.6842105263157894
1.6276298374893197,-1.688747007084573,31.622776601683793,-9.542105263157906,-3.6842105263157894,0.25790074501321797,0.0008688787843231663,1.6276254271862913,-1.6885788635324168,31.622776601683793,-9.578947368421064,-3.6842105263157894
1.6276254271862913,-1.6885788635324168,31.622776601683793,-9.578947368421064,-3.6842105263157894,0.2882420091324201,0.0009710997568900206,1.6276218034411531,-1.6884095500786733,31.622776601683793,-9.605263157894749,-2.6315789473684212
1.6276218034411531,-1.6884095500786733,31.622776601683793,-9.605263157894749,-2.6315789473684212,-0.2882420091324201,-0.0009710997568900206,1.6276187445966857,-1.6882395415884643,31.622776601683793,-9.631578947368432,-2.6315789473684212
1.6276187445966857,-1.6882395415884643,31.622776601683793,-9.631578947368432,-2.6315789473684212,-0.25790074501321797,-0.0008688787843231661,1.6276162527710796,-1.6880689557894069,31.622776601683793,-9.657894736842117,-2.6315789473684212
1.6276162527710796,-1.6880689557894069,31.622776601683793,-9.657894736842117,-2.6315789473684212,-0.2275594808940159,-0.000766657793598254,1.6276143296898768,-1.6878979108088936,31.622776601683793,-9.684210526315802,-2.6315789473684212
1.6276143296898768,-1.6878979108088936,31.622776601683793,-9.684210526315802,-2.6315789473684212,-0.19721821677481374,-0.0006644367868515208,1.6276129766847738,-1.687726525092291,31.622776601683793,-9.710526315789485,-2.6315789473684212
1.6276129766847738,-1.687726525092291,31.622776601683793,-9.710526315789485,-2.6315789473684212,-0.16687695265561164,-0.0005622157662192056,1.6276121946927002,-1.6875549173209194,31.622776601683793,-9.73684210526317,-2.6315789473684212
1.6276121946927002,-1.6875549173209194,31.622776601683793,-9.73684210526317,-2.6315789473684212,-0.13653568853640954,-0.00045999473383754854,1.6276119842551715,-1.6873832063298675,31.622776601683793,-9.763157894736855,-2.6315789473684212
1.6276119842551715,-1.6873832063298675,31.622776601683793,-9.763157894736855,-2.6315789473684212,-0.1061944244172074,-0.0003577736918427917,1.6276123455179112,-1.6872115110257013,31.622776601683793,-9.789473684210538,-2.6315789473684212
1.6276123455179112,-1.6872115110257013,31.622776601683793,-9.789473684210538,-2.6315789473684212,-0.07585316029800529,-0.00025555264237117815,1.6276132782307517,-1.6870399503041251,31.622776601683793,-9.815789473684223,-2.6315789473684212
1.6276132782307517,-1.6870399503041251,31.622776601683793,-9.815789473684223,-2.6315789473684212,-0.045511896178803184,-0.00015333158755895205,1.6276147817478075,-1.6868686429676458,31.622776601683793,-9.842105263157908,-2.6315789473684212
1.6276147817478075,-1.6868686429676458,31.622776601683793,-9.842105263157908,-2.6315789473684212,-0.015170632059601064,-5.111052954235819e-05,1.6276168550279213,-1.686697707643307,31.622776601683793,-9.868421052631591,-2.6315789473684212
1.6276168550279213,-1.686697707643307,31.622776601683793,-9.868421052631591,-2.6315789473684212,0.01517063205960103,5.111052954235819e-05,1.627619496635387,-1.6865272627005405,31.622776601683793,-9.894736842105276,-2.6315789473684212
1.627619496635387,-1.6865272627005405,31.622776601683793,-9.894736842105276,-2.6315789473684212,0.04551189617880315,0.00015333158755895205,1.627622704740942,-1.6863574261691991,31.622776601683793,-9.921052631578961,-2.6315789473684212
1.627622704740942,-1.6863574261691991,31.622776601683793,-9.921052631578961,-2.6315789473684212,0.07585316029800529,0.00025555264237117815,1.6276264771230347,-1.686188315657821,31.622776601683793,-9.947368421052644,-2.6315789473684212
1.6276264771230347,-1.686188315657821,31.622776601683793,-9.947368421052644,-2.6315789473684212,0.1061944244172074,0.00035777369184279164,1.6276308111693627,-1.6860200482721912,31.622776601683793,-9.97368421052633,-2.6315789473684212
1.6276308111693627,-1.6860200482721912,31.622776601683793,-9.97368421052633,-2.6315789473684212,0.13653568853640954,0.00045999473383754864,1.6276357038786824,-1.6858527405342447,31.622776601683793,-10.000000000000014,-2.6315789473684212
1.6276357038786824,-1.6858527405342447,31.622776601683793,-10.000000000000014,-2.6315789473684212,0.16687695265561164,0.0005622157662192056,1.6276411518628864,-1.6856865083013797,31.622776601683793,-10.026315789473697,-2.6315789473684212
1.6276411518628864,-1.6856865083013797,31.622776601683793,-10.026315789473697,-2.6315789473684212,0.19721821677481371,0.0006644367868515209,1.62764715134935,-1.6855214666862277,31.622776601683793,-10.052631578947382,-2.6315789473684212
1.62764715134935,-1.6855214666862277,31.622776601683793,-10.052631578947382,-2.6315789473684212,0.22755948089401587,0.000766657793598254,1.6276536981835443,-1.6853577299769402,31.622776601683793,-10.078947368421067,-2.6315789473684212
1.6276536981835443,-1.6853577299769402,31.622776601683793,-10.078947368421067,-2.6315789473684212,0.25790074501321797,0.0008688787843231663,1.6276607878319118,-1.6851954115580468,31.622776601683793,-10.105263157894752,-2.6315789473684212
1.6276607878319118,-1.6851954115580468,31.622776601683793,-10.105263157894752,-2.6315789473684212,0.2882420091324201,0.0009710997568900206,1.6276684153850074,-1.6850346238319374,31.622776601683793,-10.121052631578962,-1.578947368421053
1.6276684153850074,-1.6850346238319374,31.622776601683793,-10.121052631578962,-1.578947368421053,-0.2882420091324201,-0.0009710997568900206,1.6276763631693014,-1.6848748080369125,31.622776601683793,-10.136842105263172,-1.578947368421053
1.6276763631693014,-1.6848748080369125,31.622776601683793,-10.136842105263172,-1.578947368421053,-0.25790074501321797,-0.0008688787843231661,1.6276846292033929,-1.6847160040154174,31.622776601683793,-10.152631578947382,-1.578947368421053
1.6276846292033929,-1.6847160040154174,31.622776601683793,-10.152631578947382,-1.578947368421053,-0.2275594808940159,-0.000766657793598254,1.6276932114265408,-1.6845582513576598,31.622776601683793,-10.168421052631594,-1.578947368421053
1.6276932114265408,-1.6845582513576598,31.622776601683793,-10.168421052631594,-1.578947368421053,-0.19721821677481374,-0.0006644367868515208,1.6277021076991771,-1.6844015893917403,31.622776601683793,-10.184210526315804,-1.578947368421053
1.6277021076991771,-1.6844015893917403,31.622776601683793,-10.184210526315804,-1.578947368421053,-0.16687695265561164,-0.0005622157662192056,1.6277113158034406,-1.684246057173847,31.622776601683793,-10.200000000000014,-1.578947368421053
1.6277113158034406,-1.684246057173847,31.622776601683793,-10.200000000000014,-1.578947368421053,-0.13653568853640954,-0.00045999473383754854,1.6277208334437292,-1.6840916934785193,31.622776601683793,-10.215789473684223,-1.578947368421053
1.6277208334437292,-1.6840916934785193,31.622776601683793,-10.215789473684223,-1.578947368421053,-0.1061944244172074,-0.0003577736918427917,1.627730658247274,-1.6839385367889819,31.622776601683793,-10.231578947368435,-1.578947368421053
1.627730658247274,-1.6839385367889819,31.622776601683793,-10.231578947368435,-1.578947368421053,-0.07585316029800529,-0.00025555264237117815,1.6277407877647287,-1.6837866252875497,31.622776601683793,-10.247368421052645,-1.578947368421053
1.6277407877647287,-1.6837866252875497,31.622776601683793,-10.247368421052645,-1.578947368421053,-0.045511896178803184,-0.00015333158755895205,1.627751219470781,-1.6836359968461092,31.622776601683793,-10.263157894736855,-1.578947368421053
1.627751219470781,-1.6836359968461092,31.622776601683793,-10.263157894736855,-1.578947368421053,-0.015170632059601064,-5.111052954235819e-05,1.6277619507647827,-1.683486689016677,31.622776601683793,-10.278947368421067,-1.578947368421053
1.6277619507647827,-1.683486689016677,31.622776601683793,-10.278947368421067,-1.578947368421053,0.01517063205960103,5.111052954235819e-05,1.6277729789713977,-1.683338739022039,31.622776601683793,-10.294736842105277,-1.578947368421053
1.6277729789713977,-1.683338739022039,31.622776601683793,-10.294736842105277,-1.578947368421053,0.04551189617880315,0.00015333158755895205,1.6277843013412687,-1.6831921837464685,31.622776601683793,-10.310526315789486,-1.578947368421053
1.6277843013412687,-1.6831921837464685,31.622776601683793,-10.310526315789486,-1.578947368421053,0.07585316029800529,0.00025555264237117815,1.6277959150517027,-1.6830470597265332,31.622776601683793,-10.326315789473696,-1.578947368421053
1.6277959150517027,-1.6830470597265332,31.622776601683793,-10.326315789473696,-1.578947368421053,0.1061944244172074,0.00035777369184279164,1.627807817207375,-1.6829034031419845,31.622776601683793,-10.342105263157908,-1.578947368421053
1.627807817207375,-1.6829034031419845,31.622776601683793,-10.342105263157908,-1.578947368421053,0.13653568853640954,0.00045999473383754864,1.6278200048410514,-1.68276124980674,31.622776601683793,-10.357894736842118,-1.578947368421053
1.6278200048410514,-1.68276124980674,31.622776601683793,-10.357894736842118,-1.578947368421053,0.16687695265561164,0.0005622157662192056,1.6278324749143258,-1.6826206351599524,31.622776601683793,-10.373684210526328,-1.578947368421053
1.6278324749143258,-1.6826206351599524,31.622776601683793,-10.373684210526328,-1.578947368421053,0.19721821677481371,0.0006644367868515209,1.6278452243183807,-1.6824815942571767,31.622776601683793,-10.38947368421054,-1.578947368421053
1.6278452243183807,-1.6824815942571767,31.622776601683793,-10.38947368421054,-1.578947368421053,0.22755948089401587,0.000766657793598254,1.6278582498747607,-1.68234416176163,31.622776601683793,-10.40526315789475,-1.578947368421053
1.6278582498747607,-1.68234416176163,31.622776601683793,-10.40526315789475,-1.578947368421053,0.25790074501321797,0.0008688787843231663,1.627871548336164,-1.6822083719355496,31.622776601683793,-10.42105263157896,-1.578947368421053
1.627871548336164,-1.6822083719355496,31.622776601683793,-10.42105263157896,-1.578947368421053,0.2882420091324201,0.0009710997568900206,1.627885116387254,-1.6820742586316508,31.622776601683793,-10.426315789473698,-0.526315789473685
1.627885116387254,-1.6820742586316508,31.622776601683793,-10.426315789473698,-0.526315789473685,-0.2882420091324201,-0.0009710997568900206,1.627898773553191,-1.6819407116193061,31.622776601683793,-10.431578947368434,-0.526315789473685
1.627898773553191,-1.6819407116193061,31.622776601683793,-10.431578947368434,-0.526315789473685,-0.25790074501321797,-0.0008688787843231661,1.6279125194556605,-1.6818077345978704,31.622776601683793,-10.436842105263173,-0.526315789473685
1.6279125194556605,-1.6818077345978704,31.622776601683793,-10.436842105263173,-0.526315789473685,-0.2275594808940159,-0.000766657793598254,1.6279263537138908,-1.6816753312509087,31.622776601683793,-10.44210526315791,-0.526315789473685
1.6279263537138908,-1.6816753312509087,31.622776601683793,-10.44210526315791,-0.526315789473685,-0.19721821677481374,-0.0006644367868515208,1.6279402759446624,-1.6815435052460956,31.622776601683793,-10.447368421052648,-0.526315789473685
1.6279402759446624,-1.6815435052460956,31.622776601683793,-10.447368421052648,-0.526315789473685,-0.16687695265561164,-0.0005622157662192056,1.6279542857623186,-1.6814122602351125,31.622776601683793,-10.452631578947384,-0.526315789473685
1.6279542857623186,-1.6814122602351125,31.622776601683793,-10.452631578947384,-0.526315789473685,-0.13653568853640954,-0.00045999473383754854,1.627968382778777,-1.6812815998535466,31.622776601683793,-10.457894736842123,-0.526315789473685
1.627968382778777,-1.6812815998535466,31.622776601683793,-10.457894736842123,-0.526315789473685,-0.1061944244172074,-0.0003577736918427917,1.627982566603539,-1.6811515277207913,31.622776601683793,-10.46315789473686,-0.526315789473685
1.627982566603539,-1.6811515277207913,31.622776601683793,-10.46315789473686,-0.526315789473685,-0.07585316029800529,-0.00025555264237117815,1.627996836843702,-1.681022047439944,31.622776601683793,-10.468421052631598,-0.526315789473685
1.627996836843702,-1.681022047439944,31.622776601683793,-10.468421052631598,-0.526315789473685,-0.045511896178803184,-0.00015333158755895205,1.6280111931039696,-1.680893162597708,31.622776601683793,-10.473684210526335,-0.526315789473685
1.6280111931039696,-1.680893162597708,31.622776601683793,-10.473684210526335,-0.526315789473685,-0.015170632059601064,-5.111052954235819e-05,1.628025634986662,-1.680764876764292,31.622776601683793,-10.478947368421073,-0.526315789473685
1.628025634986662,-1.680764876764292,31.622776601683793,-10.478947368421073,-0.526315789473685,0.01517063205960103,5.111052954235819e-05,1.6280401620917282,-1.6806371934933122,31.622776601683793,-10.48421052631581,-0.526315789473685
1.6280401620917282,-1.6806371934933122,31.622776601683793,-10.48421052631581,-0.526315789473685,0.04551189617880315,0.00015333158755895205,1.6280547740167564,-1.6805101163216931,31.622776601683793,-10.489473684210548,-0.526315789473685
1.6280547740167564,-1.6805101163216931,31.622776601683793,-10.489473684210548,-0.526315789473685,0.07585316029800529,0.00025555264237117815,1.6280694703569847,-1.68038364876957,31.622776601683793,-10.494736842105285,-0.526315789473685
1.6280694703569847,-1.68038364876957,31.622776601683793,-10.494736842105285,-0.526315789473685,0.1061944244172074,0.00035777369184279164,1.6280842507053133,-1.680257794340191,31.622776601683793,-10.500000000000023,-0.526315789473685
1.6280842507053133,-1.680257794340191,31.622776601683793,-10.500000000000023,-0.526315789473685,0.13653568853640954,0.00045999473383754864,1.6280991146523156,-1.6801325565198204,31.622776601683793,-10.50526315789476,-0.526315789473685
1.6280991146523156,-1.6801325565198204,31.622776601683793,-10.50526315789476,-0.526315789473685,0.16687695265561164,0.0005622157662192056,1.6281140617862482,-1.6800079387776417,31.622776601683793,-10.510526315789498,-0.526315789473685
1.6281140617862482,-1.6800079387776417,31.622776601683793,-10.510526315789498,-0.526315789473685,0.19721821677481371,0.0006644367868515209,1.6281290916930646,-1.679883944565662,31.622776601683793,-10.515789473684235,-0.526315789473685
1.6281290916930646,-1.679883944565662,31.622776601683793,-10.515789473684235,-0.526315789473685,0.22755948089401587,0.000766657793598254,1.6281442039564245,-1.679760577318616,31.622776601683793,-10.521052631578973,-0.526315789473685
1.6281442039564245,-1.679760577318616,31.622776601683793,-10.521052631578973,-0.526315789473685,0.25790074501321797,0.0008688787843231663,1.628159398157707,-1.6796378404538714,31.622776601683793,-10.526315789473712,-0.526315789473685
1.628159398157707,-1.6796378404538714,31.622776601683793,-10.526315789473712,-0.526315789473685,0.2882420091324201,0.0009710997568900206,1.6281746738760208,-1.6795157373713334,31.622776601683793,-10.521052631578973,0.526315789473685
1.6281746738760208,-1.6795157373713334,31.622776601683793,-10.521052631578973,0.526315789473685,-0.2882420091324201,-0.0009710997568900206,1.6281898680773028,-1.6793930005065887,31.622776601683793,-10.515789473684235,0.526315789473685
1.6281898680773028,-1.6793930005065887,31.622776601683793,-10.515789473684235,0.526315789473685,-0.25790074501321797,-0.0008688787843231661,1.6282049803406629,-1.6792696332595427,31.622776601683793,-10.510526315789498,0.526315789473685
1.6282049803406629,-1.6792696332595427,31.622776601683793,-10.510526315789498,0.526315789473685,-0.2275594808940159,-0.000766657793598254,1.6282200102474793,-1.6791456390475632,31.622776601683793,-10.50526315789476,0.526315789473685
1.6282200102474793,-1.6791456390475632,31.622776601683793,-10.50526315789476,0.526315789473685,-0.19721821677481374,-0.0006644367868515208,1.628234957381412,-1.6790210213053844,31.622776601683793,-10.500000000000023,0.526315789473685
1.628234957381412,-1.6790210213053844,31.622776601683793,-10.500000000000023,0.526315789473685,-0.16687695265561164,-0.0005622157662192056,1.628249821328414,-1.6788957834850136,31.622776601683793,-10.494736842105285,0.526315789473685
1.628249821328414,-1.6788957834850136,31.622776601683793,-10.494736842105285,0.526315789473685,-0.13653568853640954,-0.00045999473383754854,1.6282646016767428,-1.6787699290556348,31.622776601683793,-10.489473684210548,0.526315789473685
1.6282646016767428,-1.6787699290556348,31.622776601683793,-10.489473684210548,0.526315789473685,-0.1061944244172074,-0.0003577736918427917,1.6282792980169714,-1.6786434615035115,31.622776601683793,-10.48421052631581,0.526315789473685
1.6282792980169714,-1.6786434615035115,31.622776601683793,-10.48421052631581,0.526315789473685,-0.07585316029800529,-0.00025555264237117815,1.6282939099419993,-1.6785163843318924,31.622776601683793,-10.478947368421073,0.526315789473685
1.6282939099419993,-1.6785163843318924,31.622776601683793,-10.478947368421073,0.526315789473685,-0.045511896178803184,-0.00015333158755895205,1.6283084370470655,-1.6783887010609129,31.622776601683793,-10.473684210526335,0.526315789473685
1.6283084370470655,-1.6783887010609129,31.622776601683793,-10.473684210526335,0.526315789473685,-0.015170632059601064,-5.111052954235819e-05,1.6283228789297581,-1.678260415227497,31.622776601683793,-10.468421052631598,0.526315789473685
1.6283228789297581,-1.678260415227497,31.622776601683793,-10.468421052631598,0.526315789473685,0.01517063205960103,5.111052954235819e-05,1.6283372351900256,-1.6781315303852609,31.622776601683793,-10.46315789473686,0.526315789473685
1.6283372351900256,-1.6781315303852609,31.622776601683793,-10.46315789473686,0.526315789473685,0.04551189617880315,0.00015333158755895205,1.6283515054301885,-1.6780020501044135,31.622776601683793,-10.457894736842123,0.526315789473685
1.6283515054301885,-1.6780020501044135,31.622776601683793,-10.457894736842123,0.526315789473685,0.07585316029800529,0.00025555264237117815,1.6283656892549507,-1.677871977971658,31.622776601683793,-10.452631578947384,0.526315789473685
1.6283656892549507,-1.677871977971658,31.622776601683793,-10.452631578947384,0.526315789473685,0.1061944244172074,0.00035777369184279164,1.628379786271409,-1.6777413175900924,31.622776601683793,-10.447368421052648,0.526315789473685
1.628379786271409,-1.6777413175900924,31.622776601683793,-10.447368421052648,0.526315789473685,0.13653568853640954,0.00045999473383754864,1.6283937960890653,-1.6776100725791092,31.622776601683793,-10.44210526315791,0.526315789473685
1.6283937960890653,-1.6776100725791092,31.622776601683793,-10.44210526315791,0.526315789473685,0.16687695265561164,0.0005622157662192056,1.6284077183198367,-1.6774782465742961,31.622776601683793,-10.436842105263173,0.526315789473685
1.6284077183198367,-1.6774782465742961,31.622776601683793,-10.436842105263173,0.526315789473685,0.19721821677481371,0.0006644367868515209,1.628421552578067,-1.6773458432273345,31.622776601683793,-10.431578947368434,0.526315789473685
1.628421552578067,-1.6773458432273345,31.622776601683793,-10.431578947368434,0.526315789473685,0.22755948089401587,0.000766657793598254,1.6284352984805368,-1.6772128662058985,31.622776601683793,-10.426315789473698,0.526315789473685
1.6284352984805368,-1.6772128662058985,31.622776601683793,-10.426315789473698,0.526315789473685,0.25790074501321797,0.0008688787843231663,1.6284489556464736,-1.677079319193554,31.622776601683793,-10.42105263157896,0.526315789473685
1.6284489556464736,-1.677079319193554,31.622776601683793,-10.42105263157896,0.526315789473685,0.2882420091324201,0.0009710997568900206,1.6284625236975636,-1.6769452058896552,31.622776601683793,-10.40526315789475,1.578947368421053
1.6284625236975636,-1.6769452058896552,31.622776601683793,-10.40526315789475,1.578947368421053,-0.2882420091324201,-0.0009710997568900206,1.628475822158967,-1.6768094160635747,31.622776601683793,-10.38947368421054,1.578947368421053
1.628475822158967,-1.6768094160635747,31.622776601683793,-10.38947368421054,1.578947368421053,-0.25790074501321797,-0.0008688787843231661,1.6284888477153467,-1.6766719835680282,31.622776601683793,-10.373684210526328,1.578947368421053
1.6284888477153467,-1.6766719835680282,31.622776601683793,-10.373684210526328,1.578947368421053,-0.2275594808940159,-0.000766657793598254,1.628501597119402,-1.6765329426652524,31.622776601683793,-10.357894736842118,1.578947368421053
1.628501597119402,-1.6765329426652524,31.622776601683793,-10.357894736842118,1.578947368421053,-0.19721821677481374,-0.0006644367868515208,1.6285140671926763,-1.676392328018465,31.622776601683793,-10.342105263157908,1.578947368421053
1.6285140671926763,-1.676392328018465,31.622776601683793,-10.342105263157908,1.578947368421053,-0.16687695265561164,-0.0005622157662192056,1.6285262548263524,-1.6762501746832204,31.622776601683793,-10.326315789473696,1.578947368421053
1.6285262548263524,-1.6762501746832204,31.622776601683793,-10.326315789473696,1.578947368421053,-0.13653568853640954,-0.00045999473383754854,1.628538156982025,-1.6761065180986716,31.622776601683793,-10.310526315789486,1.578947368421053
1.628538156982025,-1.6761065180986716,31.622776601683793,-10.310526315789486,1.578947368421053,-0.1061944244172074,-0.0003577736918427917,1.628549770692459,-1.6759613940787361,31.622776601683793,-10.294736842105277,1.578947368421053
1.628549770692459,-1.6759613940787361,31.622776601683793,-10.294736842105277,1.578947368421053,-0.07585316029800529,-0.00025555264237117815,1.6285610930623298,-1.6758148388031657,31.622776601683793,-10.278947368421067,1.578947368421053
1.6285610930623298,-1.6758148388031657,31.622776601683793,-10.278947368421067,1.578947368421053,-0.045511896178803184,-0.00015333158755895205,1.6285721212689448,-1.6756668888085275,31.622776601683793,-10.263157894736855,1.578947368421053
1.6285721212689448,-1.6756668888085275,31.622776601683793,-10.263157894736855,1.578947368421053,-0.015170632059601064,-5.111052954235819e-05,1.6285828525629467,-1.6755175809790956,31.622776601683793,-10.247368421052645,1.578947368421053
1.6285828525629467,-1.6755175809790956,31.622776601683793,-10.247368421052645,1.578947368421053,0.01517063205960103,5.111052954235819e-05,1.628593284268999,-1.675366952537655,31.622776601683793,-10.231578947368435,1.578947368421053
1.628593284268999,-1.675366952537655,31.622776601683793,-10.231578947368435,1.578947368421053,0.04551189617880315,0.00015333158755895205,1.6286034137864533,-1.6752150410362228,31.622776601683793,-10.215789473684223,1.578947368421053
1.6286034137864533,-1.6752150410362228,31.622776601683793,-10.215789473684223,1.578947368421053,0.07585316029800529,0.00025555264237117815,1.6286132385899983,-1.6750618843466853,31.622776601683793,-10.200000000000014,1.578947368421053
1.6286132385899983,-1.6750618843466853,31.622776601683793,-10.200000000000014,1.578947368421053,0.1061944244172074,0.00035777369184279164,1.628622756230287,-1.674907520651358,31.622776601683793,-10.184210526315804,1.578947368421053
1.628622756230287,-1.674907520651358,31.622776601683793,-10.184210526315804,1.578947368421053,0.13653568853640954,0.00045999473383754864,1.6286319643345504,-1.6747519884334647,31.622776601683793,-10.168421052631594,1.578947368421053
1.6286319643345504,-1.6747519884334647,31.622776601683793,-10.168421052631594,1.578947368421053,0.16687695265561164,0.0005622157662192056,1.6286408606071867,-1.6745953264675448,31.622776601683793,-10.152631578947382,1.578947368421053
1.6286408606071867,-1.6745953264675448,31.622776601683793,-10.152631578947382,1.578947368421053,0.19721821677481371,0.0006644367868515209,1.6286494428303344,-1.6744375738097872,31.622776601683793,-10.136842105263172,1.578947368421053
1.6286494428303344,-1.6744375738097872,31.622776601683793,-10.136842105263172,1.578947368421053,0.22755948089401587,0.000766657793598254,1.6286577088644263,-1.6742787697882924,31.622776601683793,-10.121052631578962,1.578947368421053
1.6286577088644263,-1.6742787697882924,31.622776601683793,-10.121052631578962,1.578947368421053,0.25790074501321797,0.0008688787843231663,1.6286656566487203,-1.6741189539932675,31.622776601683793,-10.105263157894752,1.578947368421053
1.6286656566487203,-1.6741189539932675,31.622776601683793,-10.105263157894752,1.578947368421053,0.2882420091324201,0.0009710997568900206,1.628673284201816,-1.673958166267158,31.622776601683793,-10.078947368421067,2.6315789473684212
1.628673284201816,-1.673958166267158,31.622776601683793,-10.078947368421067,2.6315789473684212,-0.2882420091324201,-0.0009710997568900206,1.6286803738501834,-1.6737958478482644,31.622776601683793,-10.052631578947382,2.6315789473684212
1.6286803738501834,-1.6737958478482644,31.622776601683793,-10.052631578947382,2.6315789473684212,-0.25790074501321797,-0.0008688787843231661,1.6286869206843775,-1.673632111138977,31.622776601683793,-10.026315789473697,2.6315789473684212
1.6286869206843775,-1.673632111138977,31.622776601683793,-10.026315789473697,2.6315789473684212,-0.2275594808940159,-0.000766657793598254,1.6286929201708413,-1.6734670695238252,31.622776601683793,-10.000000000000014,2.6315789473684212
1.6286929201708413,-1.6734670695238252,31.622776601683793,-10.000000000000014,2.6315789473684212,-0.19721821677481374,-0.0006644367868515208,1.628698368155045,-1.6733008372909601,31.622776601683793,-9.97368421052633,2.6315789473684212
1.628698368155045,-1.6733008372909601,31.622776601683793,-9.97368421052633,2.6315789473684212,-0.16687695265561164,-0.0005622157662192056,1.6287032608643648,-1.6731335295530136,31.622776601683793,-9.947368421052644,2.6315789473684212
1.6287032608643648,-1.6731335295530136,31.622776601683793,-9.947368421052644,2.6315789473684212,-0.13653568853640954,-0.00045999473383754854,1.628707594910693,-1.6729652621673836,31.622776601683793,-9.921052631578961,2.6315789473684212
1.628707594910693,-1.6729652621673836,31.622776601683793,-9.921052631578961,2.6315789473684212,-0.1061944244172074,-0.0003577736918427917,1.6287113672927855,-1.6727961516560057,31.622776601683793,-9.894736842105276,2.6315789473684212
1.6287113672927855,-1.6727961516560057,31.622776601683793,-9.894736842105276,2.6315789473684212,-0.07585316029800529,-0.00025555264237117815,1.6287145753983405,-1.6726263151246643,31.622776601683793,-9.868421052631591,2.6315789473684212
1.6287145753983405,-1.6726263151246643,31.622776601683793,-9.868421052631591,2.6315789473684212,-0.045511896178803184,-0.00015333158755895205,1.6287172170058062,-1.6724558701818981,31.622776601683793,-9.842105263157908,2.6315789473684212
1.6287172170058062,-1.6724558701818981,31.622776601683793,-9.842105263157908,2.6315789473684212,-0.015170632059601064,-5.111052954235819e-05,1.6287192902859202,-1.6722849348575592,31.622776601683793,-9.815789473684223,2.6315789473684212
1.6287192902859202,-1.6722849348575592,31.622776601683793,-9.815789473684223,2.6315789473684212,0.01517063205960103,5.111052954235819e-05,1.6287207938029757,-1.67211362752108,31.622776601683793,-9.789473684210538,2.6315789473684212
1.6287207938029757,-1.67211362752108,31.622776601683793,-9.789473684210538,2.6315789473684212,0.04551189617880315,0.00015333158755895205,1.6287217265158165,-1.6719420667995033,31.622776601683793,-9.763157894736855,2.6315789473684212
1.6287217265158165,-1.6719420667995033,31.622776601683793,-9.763157894736855,2.6315789473684212,0.07585316029800529,0.00025555264237117815,1.628722087778556,-1.6717703714953374,31.622776601683793,-9.73684210526317,2.6315789473684212
1.628722087778556,-1.6717703714953374,31.622776601683793,-9.73684210526317,2.6315789473684212,0.1061944244172074,0.00035777369184279164,1.628721877341027,-1.6715986605042856,31.622776601683793,-9.710526315789485,2.6315789473684212
1.628721877341027,-1.6715986605042856,31.622776601683793,-9.710526315789485,2.6315789473684212,0.13653568853640954,0.00045999473383754864,1.628721095348954,-1.6714270527329138,31.622776601683793,-9.684210526315802,2.6315789473684212
1.628721095348954,-1.6714270527329138,31.622776601683793,-9.684210526315802,2.6315789473684212,0.16687695265561164,0.0005622157662192056,1.6287197423438509,-1.6712556670163115,31.622776601683793,-9.657894736842117,2.6315789473684212
1.6287197423438509,-1.6712556670163115,31.622776601683793,-9.657894736842117,2.6315789473684212,0.19721821677481371,0.0006644367868515209,1.6287178192626477,-1.6710846220357978,31.622776601683793,-9.631578947368432,2.6315789473684212
1.6287178192626477,-1.6710846220357978,31.622776601683793,-9.631578947368432,2.6315789473684212,0.22755948089401587,0.000766657793598254,1.6287153274370418,-1.6709140362367403,31.622776601683793,-9.605263157894749,2.6315789473684212
1.6287153274370418,-1.6709140362367403,31.622776601683793,-9.605263157894749,2.6315789473684212,0.25790074501321797,0.0008688787843231663,1.6287122685925741,-1.6707440277465313,31.622776601683793,-9.578947368421064,2.6315789473684212
1.6287122685925741,-1.6707440277465313,31.622776601683793,-9.578947368421064,2.6315789473684212,0.2882420091324201,0.0009710997568900206,1.628708644847436,-1.6705747142927878,31.622776601683793,-9.542105263157906,3.6842105263157894
1.628708644847436,-1.6705747142927878,31.622776601683793,-9.542105263157906,3.6842105263157894,-0.2882420091324201,-0.0009710997568900206,1.6287042345444078,-1.670406570740632,31.622776601683793,-9.505263157894747,3.6842105263157894
1.6287042345444078,-1.670406570740632,31.622776601683793,-9.505263157894747,3.6842105263157894,-0.25790074501321797,-0.0008688787843231661,1.6286990436690965,-1.6702398252923394,31.622776601683793,-9.468421052631589,3.6842105263157894
1.6286990436690965,-1.6702398252923394,31.622776601683793,-9.468421052631589,3.6842105263157894,-0.2275594808940159,-0.000766657793598254,1.6286930792664909,-1.6700747042526978,31.622776601683793,-9.43157894736843,3.6842105263157894
1.6286930792664909,-1.6700747042526978,31.622776601683793,-9.43157894736843,3.6842105263157894,-0.19721821677481374,-0.0006644367868515208,1.6286863494314023,-1.669911431721868,31.622776601683793,-9.394736842105273,3.6842105263157894
1.6286863494314023,-1.669911431721868,31.622776601683793,-9.394736842105273,3.6842105263157894,-0.16687695265561164,-0.0005622157662192056,1.628678863297477,-1.669750229291238,31.622776601683793,-9.357894736842113,3.6842105263157894
1.628678863297477,-1.669750229291238,31.622776601683793,-9.357894736842113,3.6842105263157894,-0.13653568853640954,-0.00045999473383754854,1.6286706310247994,-1.6695913157426832,31.622776601683793,-9.321052631578954,3.6842105263157894
1.6286706310247994,-1.6695913157426832,31.622776601683793,-9.321052631578954,3.6842105263157894,-0.1061944244172074,-0.0003577736918427917,1.6286616637861053,-1.6694349067516363,31.622776601683793,-9.284210526315796,3.6842105263157894
1.6286616637861053,-1.6694349067516363,31.622776601683793,-9.284210526315796,3.6842105263157894,-0.07585316029800529,-0.00025555264237117815,1.628651973751616,-1.6692812145943778,31.622776601683793,-9.247368421052638,3.6842105263157894
1.628651973751616,-1.6692812145943778,31.622776601683793,-9.247368421052638,3.6842105263157894,-0.045511896178803184,-0.00015333158755895205,1.6286415740725222,-1.6691304478599351,31.622776601683793,-9.21052631578948,3.6842105263157894
1.6286415740725222,-1.6691304478599351,31.622776601683793,-9.21052631578948,3.6842105263157894,-0.015170632059601064,-5.111052954235819e-05,1.628630478863135,-1.6689828111669904,31.622776601683793,-9.173684210526321,3.6842105263157894
1.628630478863135,-1.6689828111669904,31.622776601683793,-9.173684210526321,3.6842105263157894,0.01517063205960103,5.111052954235819e-05,1.6286187031817307,-1.668838504886173,31.622776601683793,-9.136842105263163,3.6842105263157894
1.6286187031817307,-1.668838504886173,31.622776601683793,-9.136842105263163,3.6842105263157894,0.04551189617880315,0.00015333158755895205,1.6286062630101135,-1.6686977248681187,31.622776601683793,-9.100000000000005,3.6842105263157894
1.6286062630101135,-1.6686977248681187,31.622776601683793,-9.100000000000005,3.6842105263157894,0.07585316029800529,0.00025555264237117815,1.628593175231925,-1.6685606621776665,31.622776601683793,-9.063157894736847,3.6842105263157894
1.628593175231925,-1.6685606621776665,31.622776601683793,-9.063157894736847,3.6842105263157894,0.1061944244172074,0.00035777369184279164,1.6285794576097297,-1.6684275028345443,31.622776601683793,-9.026315789473689,3.6842105263157894
1.6285794576097297,-1.6684275028345443,31.622776601683793,-9.026315789473689,3.6842105263157894,0.13653568853640954,0.00045999473383754864,1.628565128760909,-1.6682984275609078,31.622776601683793,-8.98947368421053,3.6842105263157894
1.628565128760909,-1.6682984275609078,31.622776601683793,-8.98947368421053,3.6842105263157894,0.16687695265561164,0.0005622157662192056,1.6285502081323935,-1.6681736115360657,31.622776601683793,-8.952631578947372,3.6842105263157894
1.6285502081323935,-1.6681736115360657,31.622776601683793,-8.952631578947372,3.6842105263157894,0.19721821677481371,0.0006644367868515209,1.628534715974269,-1.6680532241587287,31.622776601683793,-8.915789473684212,3.6842105263157894
1.628534715974269,-1.6680532241587287,31.622776601683793,-8.915789473684212,3.6842105263157894,0.22755948089401587,0.000766657793598254,1.6285186733122936,-1.6679374288171038,31.622776601683793,-8.878947368421054,3.6842105263157894
1.6285186733122936,-1.6679374288171038,31.622776601683793,-8.878947368421054,3.6842105263157894,0.25790074501321797,0.0008688787843231663,1.6285021019193635,-1.6678263826671464,31.622776601683793,-8.842105263157896,3.6842105263157894
1.6285021019193635,-1.6678263826671464,31.622776601683793,-8.842105263157896,3.6842105263157894,0.2882420091324201,0.0009710997568900206,1.6284850242859608,-1.6677202364192694,31.622776601683793,-8.794736842105264,4.7368421052631575
1.6284850242859608,-1.6677202364192694,31.622776601683793,-8.794736842105264,4.7368421052631575,-0.2882420091324201,-0.0009710997568900206,1.6284673299212988,-1.6676206007727274,31.622776601683793,-8.747368421052634,4.7368421052631575
1.6284673299212988,-1.6676206007727274,31.622776601683793,-8.747368421052634,4.7368421052631575,-0.25790074501321797,-0.0008688787843231661,1.6284490585199924,-1.6675276992449295,31.622776601683793,-8.700000000000003,4.7368421052631575
1.6284490585199924,-1.6675276992449295,31.622776601683793,-8.700000000000003,4.7368421052631575,-0.2275594808940159,-0.000766657793598254,1.6284302510711492,-1.667441740246314,31.622776601683793,-8.652631578947371,4.7368421052631575
1.6284302510711492,-1.667441740246314,31.622776601683793,-8.652631578947371,4.7368421052631575,-0.19721821677481374,-0.0006644367868515208,1.6284109497664183,-1.6673629166128114,31.622776601683793,-8.60526315789474,4.7368421052631575
1.6284109497664183,-1.6673629166128114,31.622776601683793,-8.60526315789474,4.7368421052631575,-0.16687695265561164,-0.0005622157662192056,1.6283911979053391,-1.6672914051732475,31.622776601683793,-8.557894736842108,4.7368421052631575
1.6283911979053391,-1.6672914051732475,31.622776601683793,-8.557894736842108,4.7368421052631575,-0.13653568853640954,-0.00045999473383754854,1.6283710397982065,-1.6672273663526525,31.622776601683793,-8.510526315789477,4.7368421052631575
1.6283710397982065,-1.6672273663526525,31.622776601683793,-8.510526315789477,4.7368421052631575,-0.1061944244172074,-0.0003577736918427917,1.6283505206666649,-1.667170943812374,31.622776601683793,-8.463157894736847,4.7368421052631575
1.6283505206666649,-1.667170943812374,31.622776601683793,-8.463157894736847,4.7368421052631575,-0.07585316029800529,-0.00025555264237117815,1.6283296865422636,-1.667122264127794,31.622776601683793,-8.415789473684216,4.7368421052631575
1.6283296865422636,-1.667122264127794,31.622776601683793,-8.415789473684216,4.7368421052631575,-0.045511896178803184,-0.00015333158755895205,1.6283085841631895,-1.667081436504376,31.622776601683793,-8.368421052631584,4.7368421052631575
1.6283085841631895,-1.667081436504376,31.622776601683793,-8.368421052631584,4.7368421052631575,-0.015170632059601064,-5.111052954235819e-05,1.6282872608694183,-1.667048552532679,31.622776601683793,-8.321052631578953,4.7368421052631575
1.6282872608694183,-1.667048552532679,31.622776601683793,-8.321052631578953,4.7368421052631575,0.01517063205960103,5.111052954235819e-05,1.6282657644965148,-1.6670236859828889,31.622776601683793,-8.273684210526321,4.7368421052631575
1.6282657644965148,-1.6670236859828889,31.622776601683793,-8.273684210526321,4.7368421052631575,0.04551189617880315,0.00015333158755895205,1.6282441432683192,-1.6670068926393256,31.622776601683793,-8.22631578947369,4.7368421052631575
1.6282441432683192,-1.6670068926393256,31.622776601683793,-8.22631578947369,4.7368421052631575,0.07585316029800529,0.00025555264237117815,1.6282224456887668,-1.6669982101752991,31.622776601683793,-8.17894736842106,4.7368421052631575
1.6282224456887668,-1.6669982101752991,31.622776601683793,-8.17894736842106,4.7368421052631575,0.1061944244172074,0.00035777369184279164,1.6282007204330748,-1.6669976580685968,31.622776601683793,-8.131578947368428,4.7368421052631575
1.6282007204330748,-1.6669976580685968,31.622776601683793,-8.131578947368428,4.7368421052631575,0.13653568853640954,0.00045999473383754864,1.6281790162385479,-1.6670052375577853,31.622776601683793,-8.084210526315797,4.7368421052631575
1.6281790162385479,-1.6670052375577853,31.622776601683793,-8.084210526315797,4.7368421052631575,0.16687695265561164,0.0005622157662192056,1.628157381795243,-1.6670209316394347,31.622776601683793,-8.036842105263165,4.7368421052631575
1.628157381795243,-1.6670209316394347,31.622776601683793,-8.036842105263165,4.7368421052631575,0.19721821677481371,0.0006644367868515209,1.628135865636741,-1.667044705106261,31.622776601683793,-7.989473684210534,4.7368421052631575
1.628135865636741,-1.667044705106261,31.622776601683793,-7.989473684210534,4.7368421052631575,0.22755948089401587,0.000766657793598254,1.628114516031269,-1.6670765046261096,31.622776601683793,-7.942105263157903,4.7368421052631575
1.628114516031269,-1.6670765046261096,31.622776601683793,-7.942105263157903,4.7368421052631575,0.25790074501321797,0.0008688787843231663,1.628093380873418,-1.6671162588615975,31.622776601683793,-7.894736842105272,4.7368421052631575
1.628093380873418,-1.6671162588615975,31.622776601683793,-7.894736842105272,4.7368421052631575,0.2882420091324201,0.0009710997568900206,1.628072507576697,-1.6671638786301486,31.622776601683793,-7.836842105263167,5.789473684210526
1.628072507576697,-1.6671638786301486,31.622776601683793,-7.836842105263167,5.789473684210526,-0.2882420091324201,-0.0009710997568900206,1.6280520178557958,-1.6672209649972638,31.622776601683793,-7.778947368421061,5.789473684210526
1.6280520178557958,-1.6672209649972638,31.622776601683793,-7.778947368421061,5.789473684210526,-0.25790074501321797,-0.0008688787843231661,1.628031980368991,-1.6672873266742656,31.622776601683793,-7.7210526315789565,5.789473684210526
1.628031980368991,-1.6672873266742656,31.622776601683793,-7.7210526315789565,5.789473684210526,-0.2275594808940159,-0.000766657793598254,1.6280124622591852,-1.6673627412921699,31.622776601683793,-7.663157894736851,5.789473684210526
1.6280124622591852,-1.6673627412921699,31.622776601683793,-7.663157894736851,5.789473684210526,-0.19721821677481374,-0.0006644367868515208,1.6279935289289185,-1.6674469561468155,31.622776601683793,-7.605263157894746,5.789473684210526
1.6279935289289185,-1.6674469561468155,31.622776601683793,-7.605263157894746,5.789473684210526,-0.16687695265561164,-0.0005622157662192056,1.6279752438212136,-1.6675396890456395,31.622776601683793,-7.54736842105264,5.789473684210526
1.6279752438212136,-1.6675396890456395,31.622776601683793,-7.54736842105264,5.789473684210526,-0.13653568853640954,-0.00045999473383754854,1.6279576682069885,-1.667640629253269,31.622776601683793,-7.489473684210536,5.789473684210526
1.6279576682069885,-1.667640629253269,31.622776601683793,-7.489473684210536,5.789473684210526,-0.1061944244172074,-0.0003577736918427917,1.6279408609797434,-1.6677494385327511,31.622776601683793,-7.43157894736843,5.789473684210526
1.6279408609797434,-1.6677494385327511,31.622776601683793,-7.43157894736843,5.789473684210526,-0.07585316029800529,-0.00025555264237117815,1.6279248784582188,-1.6678657522789393,31.622776601683793,-7.373684210526325,5.789473684210526
1.6279248784582188,-1.6678657522789393,31.622776601683793,-7.373684210526325,5.789473684210526,-0.045511896178803184,-0.00015333158755895205,1.627909774197678,-1.6679891807402378,31.622776601683793,-7.3157894736842195,5.789473684210526
1.627909774197678,-1.6679891807402378,31.622776601683793,-7.3157894736842195,5.789473684210526,-0.015170632059601064,-5.111052954235819e-05,1.6278955988104502,-1.6681193103246041,31.622776601683793,-7.257894736842115,5.789473684210526
1.6278955988104502,-1.6681193103246041,31.622776601683793,-7.257894736842115,5.789473684210526,0.01517063205960103,5.111052954235819e-05,1.6278823997963368,-1.6682557049854405,31.622776601683793,-7.200000000000009,5.789473684210526
1.6278823997963368,-1.6682557049854405,31.622776601683793,-7.200000000000009,5.789473684210526,0.04551189617880315,0.00015333158755895205,1.6278702213834446,-1.6683979076827276,31.622776601683793,-7.142105263157904,5.789473684210526
1.6278702213834446,-1.6683979076827276,31.622776601683793,-7.142105263157904,5.789473684210526,0.07585316029800529,0.00025555264237117815,1.6278591043799844,-1.668545441914503,31.622776601683793,-7.084210526315799,5.789473684210526
1.6278591043799844,-1.668545441914503,31.622776601683793,-7.084210526315799,5.789473684210526,0.1061944244172074,0.00035777369184279164,1.627849086037528,-1.6686978133135555,31.622776601683793,-7.026315789473694,5.789473684210526
1.627849086037528,-1.6686978133135555,31.622776601683793,-7.026315789473694,5.789473684210526,0.13653568853640954,0.00045999473383754864,1.627840199926183,-1.6688545113039812,31.622776601683793,-6.968421052631588,5.789473684210526
1.627840199926183,-1.6688545113039812,31.622776601683793,-6.968421052631588,5.789473684210526,0.16687695265561164,0.0005622157662192056,1.6278324758221034,-1.6690150108120552,31.622776601683793,-6.910526315789483,5.789473684210526
1.6278324758221034,-1.6690150108120552,31.622776601683793,-6.910526315789483,5.789473684210526,0.19721821677481371,0.0006644367868515209,1.6278259396077155,-1.6691787740256832,31.622776601683793,-6.852631578947378,5.789473684210526
1.6278259396077155,-1.6691787740256832,31.622776601683793,-6.852631578947378,5.789473684210526,0.22755948089401587,0.000766657793598254,1.6278206131849877,-1.6693452521965353,31.622776601683793,-6.794736842105273,5.789473684210526
1.6278206131849877,-1.6693452521965353,31.622776601683793,-6.794736842105273,5.789473684210526,0.25790074501321797,0.0008688787843231663,1.6278165144020402,-1.6695138874788271,31.622776601683793,-6.736842105263167,5.789473684210526
1.6278165144020402,-1.6695138874788271,31.622776601683793,-6.736842105263167,5.789473684210526,0.2882420091324201,0.0009710997568900206,1.6278136569933395,-1.6696841147985877,31.622776601683793,-6.668421052631588,6.842105263157894
1.6278136569933395,-1.6696841147985877,31.622776601683793,-6.668421052631588,6.842105263157894,-0.2882420091324201,-0.0009710997568900206,1.6278122786804892,-1.669855487916084,31.622776601683793,-6.600000000000009,6.842105263157894
1.6278122786804892,-1.669855487916084,31.622776601683793,-6.600000000000009,6.842105263157894,-0.25790074501321797,-0.0008688787843231661,1.627812385913463,-1.6700272048712068,31.622776601683793,-6.5315789473684305,6.842105263157894
1.627812385913463,-1.6700272048712068,31.622776601683793,-6.5315789473684305,6.842105263157894,-0.2275594808940159,-0.000766657793598254,1.6278139781904513,-1.6701984620948191,31.622776601683793,-6.463157894736851,6.842105263157894
1.6278139781904513,-1.6701984620948191,31.622776601683793,-6.463157894736851,6.842105263157894,-0.19721821677481374,-0.0006644367868515208,1.627817048060212,-1.6703684581691505,31.622776601683793,-6.394736842105272,6.842105263157894
1.627817048060212,-1.6703684581691505,31.622776601683793,-6.394736842105272,6.842105263157894,-0.16687695265561164,-0.0005622157662192056,1.627821581156938,-1.670536397578123,31.622776601683793,-6.326315789473693,6.842105263157894
1.627821581156938,-1.670536397578123,31.622776601683793,-6.326315789473693,6.842105263157894,-0.13653568853640954,-0.00045999473383754854,1.627827556267485,-1.6707014944300593,31.622776601683793,-6.257894736842113,6.842105263157894
1.627827556267485,-1.6707014944300593,31.622776601683793,-6.257894736842113,6.842105263157894,-0.1061944244172074,-0.0003577736918427917,1.6278349454306398,-1.6708629761353528,31.622776601683793,-6.189473684210534,6.842105263157894
1.6278349454306398,-1.6708629761353528,31.622776601683793,-6.189473684210534,6.842105263157894,-0.07585316029800529,-0.00025555264237117815,1.6278437140679676,-1.6710200870218896,31.622776601683793,-6.121052631578955,6.842105263157894
1.6278437140679676,-1.6710200870218896,31.622776601683793,-6.121052631578955,6.842105263157894,-0.045511896178803184,-0.00015333158755895205,1.6278538211456268,-1.6711720918713018,31.622776601683793,-6.052631578947376,6.842105263157894
1.6278538211456268,-1.6711720918713018,31.622776601683793,-6.052631578947376,6.842105263157894,-0.015170632059601064,-5.111052954235819e-05,1.6278652193663912,-1.6713182793595063,31.622776601683793,-5.984210526315796,6.842105263157894
1.6278652193663912,-1.6713182793595063,31.622776601683793,-5.984210526315796,6.842105263157894,0.01517063205960103,5.111052954235819e-05,1.6278778553909832,-1.6714579653854282,31.622776601683793,-5.915789473684217,6.842105263157894
1.6278778553909832,-1.6714579653854282,31.622776601683793,-5.915789473684217,6.842105263157894,0.04551189617880315,0.00015333158755895205,1.6278916700876798,-1.6715904962723276,31.622776601683793,-5.847368421052638,6.842105263157894
1.6278916700876798,-1.6715904962723276,31.622776601683793,-5.847368421052638,6.842105263157894,0.07585316029800529,0.00025555264237117815,1.6279065988090273,-1.6717152518267577,31.622776601683793,-5.778947368421059,6.842105263157894
1.6279065988090273,-1.6717152518267577,31.622776601683793,-5.778947368421059,6.842105263157894,0.1061944244172074,0.00035777369184279164,1.6279225716943662,-1.671831648240829,31.622776601683793,-5.71052631578948,6.842105263157894
1.6279225716943662,-1.671831648240829,31.622776601683793,-5.71052631578948,6.842105263157894,0.13653568853640954,0.00045999473383754864,1.6279395139967523,-1.671939140824206,31.622776601683793,-5.642105263157901,6.842105263157894
1.6279395139967523,-1.671939140824206,31.622776601683793,-5.642105263157901,6.842105263157894,0.16687695265561164,0.0005622157662192056,1.6279573464327433,-1.6720372265530459,31.622776601683793,-5.573684210526322,6.842105263157894
1.6279573464327433,-1.6720372265530459,31.622776601683793,-5.573684210526322,6.842105263157894,0.19721821677481371,0.0006644367868515209,1.627975985553415,-1.6721254464239599,31.622776601683793,-5.505263157894742,6.842105263157894
1.627975985553415,-1.6721254464239599,31.622776601683793,-5.505263157894742,6.842105263157894,0.22755948089401587,0.000766657793598254,1.6279953441348696,-1.6722033876019693,31.622776601683793,-5.436842105263163,6.842105263157894
1.6279953441348696,-1.6722033876019693,31.622776601683793,-5.436842105263163,6.842105263157894,0.25790074501321797,0.0008688787843231663,1.6280153315864105,-1.672270685352415,31.622776601683793,-5.368421052631584,6.842105263157894
1.6280153315864105,-1.672270685352415,31.622776601683793,-5.368421052631584,6.842105263157894,0.2882420091324201,0.0009710997568900206,1.6280358543744717,-1.6723270247477742,31.622776601683793,-5.289473684210531,7.894736842105264
1.6280358543744717,-1.6723270247477742,31.622776601683793,-5.289473684210531,7.894736842105264,-0.2882420091324201,-0.0009710997568900206,1.628056875383301,-1.6723703956108555,31.622776601683793,-5.210526315789478,7.894736842105264
1.628056875383301,-1.6723703956108555,31.622776601683793,-5.210526315789478,7.894736842105264,-0.25790074501321797,-0.0008688787843231661,1.628078263663565,-1.6724005277650158,31.622776601683793,-5.131578947368424,7.894736842105264
1.628078263663565,-1.6724005277650158,31.622776601683793,-5.131578947368424,7.894736842105264,-0.2275594808940159,-0.000766657793598254,1.6280998859780316,-1.6724172335034941,31.622776601683793,-5.052631578947372,7.894736842105264
1.6280998859780316,-1.6724172335034941,31.622776601683793,-5.052631578947372,7.894736842105264,-0.19721821677481374,-0.0006644367868515208,1.6281216076315645,-1.67242040875872,31.622776601683793,-4.9736842105263195,7.894736842105264
1.6281216076315645,-1.67242040875872,31.622776601683793,-4.9736842105263195,7.894736842105264,-0.16687695265561164,-0.0005622157662192056,1.628143293310199,-1.6724100337505987,31.622776601683793,-4.894736842105266,7.894736842105264
1.628143293310199,-1.6724100337505987,31.622776601683793,-4.894736842105266,7.894736842105264,-0.13653568853640954,-0.00045999473383754854,1.6281648079240745,-1.6723861731097285,31.622776601683793,-4.815789473684214,7.894736842105264
1.6281648079240745,-1.6723861731097285,31.622776601683793,-4.815789473684214,7.894736842105264,-0.1061944244172074,-0.0003577736918427917,1.6281860174489697,-1.6723489754747907,31.622776601683793,-4.736842105263161,7.894736842105264
1.6281860174489697,-1.6723489754747907,31.622776601683793,-4.736842105263161,7.894736842105264,-0.07585316029800529,-0.00025555264237117815,1.6282067897612003,-1.6722986725666078,31.622776601683793,-4.657894736842109,7.894736842105264
1.6282067897612003,-1.6722986725666078,31.622776601683793,-4.657894736842109,7.894736842105264,-0.045511896178803184,-0.00015333158755895205,1.6282269954606765,-1.6722355777446551,31.622776601683793,-4.578947368421056,7.894736842105264
1.6282269954606765,-1.6722355777446551,31.622776601683793,-4.578947368421056,7.894736842105264,-0.015170632059601064,-5.111052954235819e-05,1.6282465086769942,-1.6721600840549995,31.622776601683793,-4.5000000000000036,7.894736842105264
1.6282465086769942,-1.6721600840549995,31.622776601683793,-4.5000000000000036,7.894736842105264,0.01517063205960103,5.111052954235819e-05,1.6282652078535391,-1.6720726617818402,31.622776601683793,-4.421052631578951,7.894736842105264
1.6282652078535391,-1.6720726617818402,31.622776601683793,-4.421052631578951,7.894736842105264,0.04551189617880315,0.00015333158755895205,1.628282976504718,-1.6719738555178965,31.622776601683793,-4.342105263157898,7.894736842105264
1.628282976504718,-1.6719738555178965,31.622776601683793,-4.342105263157898,7.894736842105264,0.07585316029800529,0.00025555264237117815,1.628299703941598,-1.671864280771894,31.622776601683793,-4.263157894736846,7.894736842105264
1.628299703941598,-1.671864280771894,31.622776601683793,-4.263157894736846,7.894736842105264,0.1061944244172074,0.00035777369184279164,1.6283152859614403,-1.6717446201342843,31.622776601683793,-4.184210526315793,7.894736842105264
1.6283152859614403,-1.6717446201342843,31.622776601683793,-4.184210526315793,7.894736842105264,0.13653568853640954,0.00045999473383754864,1.6283296254968245,-1.6716156190250808,31.622776601683793,-4.105263157894741,7.894736842105264
1.6283296254968245,-1.6716156190250808,31.622776601683793,-4.105263157894741,7.894736842105264,0.16687695265561164,0.0005622157662192056,1.6283426332203248,-1.6714780810503014,31.622776601683793,-4.026315789473688,7.894736842105264
1.6283426332203248,-1.6714780810503014,31.622776601683793,-4.026315789473688,7.894736842105264,0.19721821677481371,0.0006644367868515209,1.6283542281009724,-1.671332862995946,31.622776601683793,-3.9473684210526354,7.894736842105264
1.6283542281009724,-1.671332862995946,31.622776601683793,-3.9473684210526354,7.894736842105264,0.22755948089401587,0.000766657793598254,1.628364337909033,-1.6711808694906887,31.622776601683793,-3.8684210526315828,7.894736842105264
1.628364337909033,-1.6711808694906887,31.622776601683793,-3.8684210526315828,7.894736842105264,0.25790074501321797,0.0008688787843231663,1.6283728996659577,-1.67102304737054,31.622776601683793,-3.78947368421053,7.894736842105264
1.6283728996659577,-1.67102304737054,31.622776601683793,-3.78947368421053,7.894736842105264,0.2882420091324201,0.0009710997568900206,1.6283798600367063,-1.6708603797805786,31.622776601683793,-3.7000000000000033,8.94736842105263
1.6283798600367063,-1.6708603797805786,31.622776601683793,-3.7000000000000033,8.94736842105263,-0.2882420091324201,-0.0009710997568900206,1.628384953634376,-1.670693447018439,31.622776601683793,-3.6105263157894774,8.94736842105263
1.628384953634376,-1.670693447018439,31.622776601683793,-3.6105263157894774,8.94736842105263,-0.25790074501321797,-0.0008688787843231661,1.6283881397091624,-1.6705235845797493,31.622776601683793,-3.5210526315789514,8.94736842105263
1.6283881397091624,-1.6705235845797493,31.622776601683793,-3.5210526315789514,8.94736842105263,-0.2275594808940159,-0.000766657793598254,1.6283893927718271,-1.67035215139814,31.622776601683793,-3.4315789473684255,8.94736842105263
1.6283893927718271,-1.67035215139814,31.622776601683793,-3.4315789473684255,8.94736842105263,-0.19721821677481374,-0.0006644367868515208,1.6283887027976174,-1.670180518973499,31.622776601683793,-3.3421052631578996,8.94736842105263
1.6283887027976174,-1.670180518973499,31.622776601683793,-3.3421052631578996,8.94736842105263,-0.16687695265561164,-0.0005622157662192056,1.6283860753064647,-1.6700100603996992,31.622776601683793,-3.252631578947373,8.94736842105263
1.6283860753064647,-1.6700100603996992,31.622776601683793,-3.252631578947373,8.94736842105263,-0.13653568853640954,-0.00045999473383754854,1.628381531318827,-1.6698421393795702,31.622776601683793,-3.1631578947368473,8.94736842105263
1.628381531318827,-1.6698421393795702,31.622776601683793,-3.1631578947368473,8.94736842105263,-0.1061944244172074,-0.0003577736918427917,1.6283751071875177,-1.6696780993150038,31.622776601683793,-3.0736842105263213,8.94736842105263
1.6283751071875177,-1.6696780993150038,31.622776601683793,-3.0736842105263213,8.94736842105263,-0.07585316029800529,-0.00025555264237117815,1.6283668543068777,-1.6695192525594664,31.622776601683793,-2.9842105263157954,8.94736842105263
1.6283668543068777,-1.6695192525594664,31.622776601683793,-2.9842105263157954,8.94736842105263,-0.045511896178803184,-0.00015333158755895205,1.6283568387016094,-1.6693668699189097,31.622776601683793,-2.8947368421052695,8.94736842105263
1.6283568387016094,-1.6693668699189097,31.622776601683793,-2.8947368421052695,8.94736842105263,-0.015170632059601064,-5.111052954235819e-05,1.6283451404985678,-1.6692221704850674,31.622776601683793,-2.805263157894743,8.94736842105263
1.6283451404985678,-1.6692221704850674,31.622776601683793,-2.805263157894743,8.94736842105263,0.01517063205960103,5.111052954235819e-05,1.6283318532857263,-1.6690863118824752,31.622776601683793,-2.715789473684217,8.94736842105263
1.6283318532857263,-1.6690863118824752,31.622776601683793,-2.715789473684217,8.94736842105263,0.04551189617880315,0.00015333158755895205,1.6283170833634568,-1.6689603810072442,31.622776601683793,-2.6263157894736913,8.94736842105263
1.6283170833634568,-1.6689603810072442,31.622776601683793,-2.6263157894736913,8.94736842105263,0.07585316029800529,0.00025555264237117815,1.6283009488941043,-1.6688453853316711,31.622776601683793,-2.536842105263165,8.94736842105263
1.6283009488941043,-1.6688453853316711,31.622776601683793,-2.536842105263165,8.94736842105263,0.1061944244172074,0.00035777369184279164,1.6282835789566643,-1.6687422448442601,31.622776601683793,-2.4473684210526385,8.94736842105263
1.6282835789566643,-1.6687422448442601,31.622776601683793,-2.4473684210526385,8.94736842105263,0.13653568853640954,0.00045999473383754864,1.6282651125141259,-1.6686517846896278,31.622776601683793,-2.357894736842112,8.94736842105263
1.6282651125141259,-1.6686517846896278,31.622776601683793,-2.357894736842112,8.94736842105263,0.16687695265561164,0.0005622157662192056,1.628245697301738,-1.6685747285671817,31.622776601683793,-2.268421052631586,8.94736842105263
1.628245697301738,-1.6685747285671817,31.622776601683793,-2.268421052631586,8.94736842105263,0.19721821677481371,0.0006644367868515209,1.6282254886451002,-1.66851169294138,31.622776601683793,-2.17894736842106,8.94736842105263
1.6282254886451002,-1.66851169294138,31.622776601683793,-2.17894736842106,8.94736842105263,0.22755948089401587,0.000766657793598254,1.6282046482175248,-1.6684631821098903,31.622776601683793,-2.0894736842105335,8.94736842105263
1.6282046482175248,-1.6684631821098903,31.622776601683793,-2.0894736842105335,8.94736842105263,0.25790074501321797,0.0008688787843231663,1.6281833427466184,-1.6684295841691092,31.622776601683793,-2.000000000000007,8.94736842105263
1.6281833427466184,-1.6684295841691092,31.622776601683793,-2.000000000000007,8.94736842105263,0.2882420091324201,0.0009710997568900206,1.6281617426804278,-1.668411167909312,31.622776601683793,-1.9000000000000072,10.0
1.6281617426804278,-1.668411167909312,31.622776601683793,-1.9000000000000072,10.0,-0.2882420091324201,-0.0009710997568900206,1.6281400179158523,-1.668409888078703,31.622776601683793,-1.8000000000000071,10.0
1.6281400179158523,-1.668409888078703,31.622776601683793,-1.8000000000000071,10.0,-0.25790074501321797,-0.0008688787843231661,1.6281183855195585,-1.6684257574649262,31.622776601683793,-1.700000000000007,10.0
1.6281183855195585,-1.6684257574649262,31.622776601683793,-1.700000000000007,10.0,-0.2275594808940159,-0.000766657793598254,1.6280970616352988,-1.6684586175063205,31.622776601683793,-1.6000000000000072,10.0
1.6280970616352988,-1.6684586175063205,31.622776601683793,-1.6000000000000072,10.0,-0.19721821677481374,-0.0006644367868515208,1.6280762593242764,-1.6685081398762143,31.622776601683793,-1.500000000000007,10.0
1.6280762593242764,-1.6685081398762143,31.622776601683793,-1.500000000000007,10.0,-0.16687695265561164,-0.0005622157662192056,1.628056186436307,-1.6685738297634576,31.622776601683793,-1.4000000000000072,10.0
1.628056186436307,-1.6685738297634576,31.622776601683793,-1.4000000000000072,10.0,-0.13653568853640954,-0.00045999473383754854,1.6280370435330513,-1.6686550308164112,31.622776601683793,-1.3000000000000071,10.0
1.6280370435330513,-1.6686550308164112,31.622776601683793,-1.3000000000000071,10.0,-0.1061944244172074,-0.0003577736918427917,1.6280190218840715,-1.6687509317009952,31.622776601683793,-1.200000000000007,10.0
1.6280190218840715,-1.6687509317009952,31.622776601683793,-1.200000000000007,10.0,-0.07585316029800529,-0.00025555264237117815,1.6280023015557266,-1.668860574207272,31.622776601683793,-1.1000000000000072,10.0
1.6280023015557266,-1.668860574207272,31.622776601683793,-1.1000000000000072,10.0,-0.045511896178803184,-0.00015333158755895205,1.6279870496120106,-1.6689828628235615,31.622776601683793,-1.000000000000007,10.0
1.6279870496120106,-1.6689828628235615,31.622776601683793,-1.000000000000007,10.0,-0.015170632059601064,-5.111052954235819e-05,1.6279734184453034,-1.669116575682433,31.622776601683793,-0.9000000000000071,10.0
1.6279734184453034,-1.669116575682433,31.622776601683793,-0.9000000000000071,10.0,0.01517063205960103,5.111052954235819e-05,1.627961544253717,-1.6692603767692005,31.622776601683793,-0.8000000000000071,10.0
1.627961544253717,-1.6692603767692005,31.622776601683793,-0.8000000000000071,10.0,0.04551189617880315,0.00015333158755895205,1.6279515456802485,-1.6694128292709391,31.622776601683793,-0.7000000000000072,10.0
1.6279515456802485,-1.6694128292709391,31.622776601683793,-0.7000000000000072,10.0,0.07585316029800529,0.00025555264237117815,1.6279435226273389,-1.6695724099326457,31.622776601683793,-0.6000000000000071,10.0
1.6279435226273389,-1.6695724099326457,31.622776601683793,-0.6000000000000071,10.0,0.1061944244172074,0.00035777369184279164,1.6279375552586806,-1.6697375242770989,31.622776601683793,-0.5000000000000071,10.0
1.6279375552586806,-1.6697375242770989,31.622776601683793,-0.5000000000000071,10.0,0.13653568853640954,0.00045999473383754864,1.6279337031982493,-1.6699065225363483,31.622776601683793,-0.4000000000000071,10.0
1.6279337031982493,-1.6699065225363483,31.622776601683793,-0.4000000000000071,10.0,0.16687695265561164,0.0005622157662192056,1.6279320049345591,-1.6700777161356506,31.622776601683793,-0.3000000000000071,10.0
1.6279320049345591,-1.6700777161356506,31.622776601683793,-0.3000000000000071,10.0,0.19721821677481371,0.0006644367868515209,1.6279324774360993,-1.670249394565151,31.622776601683793,-0.20000000000000712,10.0
1.6279324774360993,-1.670249394565151,31.622776601683793,-0.20000000000000712,10.0,0.22755948089401587,0.000766657793598254,1.6279351159817912,-1.6704198424707317,31.622776601683793,-0.10000000000000711,10.0
1.6279351159817912,-1.6704198424707317,31.622776601683793,-0.10000000000000711,10.0,0.25790074501321797,0.0008688787843231663,1.627939894208158,-1.670587356793262,31.622776601683793,-7.105427357601002e-15,10.0
1.627939894208158,-1.670587356793262,31.622776601683793,-7.105427357601002e-15,10.0,0.2882420091324201,0.0009710997568900206,1.6279467643727412,-1.6707502637850045,28.644346998290057,-0.10000000000000711,-10.0
1.6279467643727412,-1.6707502637850045,28.644346998290057,-0.10000000000000711,-10.0,-0.2882420091324201,-0.0009710997568900206,1.627951759190267,-1.6709007156722362,28.644346998290057,-0.20000000000000712,-10.0
1.627951759190267,-1.6709007156722362,28.644346998290057,-0.20000000000000712,-10.0,-0.25790074501321797,-0.0008688787843231661,1.6279548287541694,-1.6710543572938268,28.644346998290057,-0.3000000000000071,-10.0
1.6279548287541694,-1.6710543572938268,28.644346998290057,-0.3000000000000071,-10.0,-0.2275594808940159,-0.000766657793598254,1.6279559423943806,-1.6712096535134804,28.644346998290057,-0.4000000000000071,-10.0
1.6279559423943806,-1.6712096535134804,28.644346998290057,-0.4000000000000071,-10.0,-0.19721821677481374,-0.0006644367868515208,1.6279550889837757,-1.6713650526627049,28.644346998290057,-0.5000000000000071,-10.0
1.6279550889837757,-1.6713650526627049,28.644346998290057,-0.5000000000000071,-10.0,-0.16687695265561164,-0.0005622157662192056,1.6279522770493513,-1.6715190020445683,28.644346998290057,-0.6000000000000071,-10.0
1.6279522770493513,-1.6715190020445683,28.644346998290057,-0.6000000000000071,-10.0,-0.13653568853640954,-0.00045999473383754854,1.627947534687027,-1.671669963447737,28.644346998290057,-0.7000000000000072,-10.0
1.627947534687027,-1.671669963447737,28.644346998290057,-0.7000000000000072,-10.0,-0.1061944244172074,-0.0003577736918427917,1.627940909280919,-1.671816428515771,28.644346998290057,-0.8000000000000071,-10.0
1.627940909280919,-1.671816428515771,28.644346998290057,-0.8000000000000071,-10.0,-0.07585316029800529,-0.00025555264237117815,1.6279324670298954,-1.671956933818126,28.644346998290057,-0.9000000000000071,-10.0
1.6279324670298954,-1.671956933818126,28.644346998290057,-0.9000000000000071,-10.0,-0.045511896178803184,-0.00015333158755895205,1.627922292286138,-1.672090075472265,28.644346998290057,-1.000000000000007,-10.0
1.627922292286138,-1.672090075472265,28.644346998290057,-1.000000000000007,-10.0,-0.015170632059601064,-5.111052954235819e-05,1.6279104867123226,-1.6722145231707914,28.644346998290057,-1.1000000000000072,-10.0
1.6279104867123226,-1.6722145231707914,28.644346998290057,-1.1000000000000072,-10.0,0.01517063205960103,5.111052954235819e-05,1.6278971682658407,-1.6723290334734382,28.644346998290057,-1.200000000000007,-10.0
1.6278971682658407,-1.6723290334734382,28.644346998290057,-1.200000000000007,-10.0,0.04551189617880315,0.00015333158755895205,1.6278824700202073,-1.672432462231113,28.644346998290057,-1.3000000000000071,-10.0
1.6278824700202073,-1.672432462231113,28.644346998290057,-1.3000000000000071,-10.0,0.07585316029800529,0.00025555264237117815,1.6278665388354332,-1.6725237760178588,28.644346998290057,-1.4000000000000072,-10.0
1.6278665388354332,-1.6725237760178588,28.644346998290057,-1.4000000000000072,-10.0,0.1061944244172074,0.00035777369184279164,1.6278495338906518,-1.6726020624565021,28.644346998290057,-1.500000000000007,-10.0
1.6278495338906518,-1.6726020624565021,28.644346998290057,-1.500000000000007,-10.0,0.13653568853640954,0.00045999473383754864,1.627831625093649,-1.6726665393348266,28.644346998290057,-1.6000000000000072,-10.0
1.627831625093649,-1.6726665393348266,28.644346998290057,-1.6000000000000072,-10.0,0.16687695265561164,0.0005622157662192056,1.6278129913832056,-1.672716562421177,28.644346998290057,-1.700000000000007,-10.0
1.6278129913832056,-1.672716562421177,28.644346998290057,-1.700000000000007,-10.0,0.19721821677481371,0.0006644367868515209,1.6277938189411965,-1.6727516319014102,28.644346998290057,-1.8000000000000071,-10.0
1.6277938189411965,-1.6727516319014102,28.644346998290057,-1.8000000000000071,-10.0,0.22755948089401587,0.000766657793598254,1.6277742993323245,-1.672771397372872,28.644346998290057,-1.9000000000000072,-10.0
1.6277742993323245,-1.672771397372872,28.644346998290057,-1.9000000000000072,-10.0,0.25790074501321797,0.0008688787843231663,1.6277546275900694,-1.6727756613455047,28.644346998290057,-2.000000000000007,-10.0
1.6277546275900694,-1.6727756613455047,28.644346998290057,-2.000000000000007,-10.0,0.2882420091324201,0.0009710997568900206,1.6277350002679771,-1.6727643812151038,28.644346998290057,-2.0894736842105335,-8.947368421052632
1.6277350002679771,-1.6727643812151038,28.644346998290057,-2.0894736842105335,-8.947368421052632,-0.2882420091324201,-0.0009710997568900206,1.627715578977201,-1.672739284136506,28.644346998290057,-2.17894736842106,-8.947368421052632
1.627715578977201,-1.672739284136506,28.644346998290057,-2.17894736842106,-8.947368421052632,-0.25790074501321797,-0.0008688787843231661,1.627696519091969,-1.6727005708913818,28.644346998290057,-2.268421052631586,-8.947368421052632
1.627696519091969,-1.6727005708913818,28.644346998290057,-2.268421052631586,-8.947368421052632,-0.2275594808940159,-0.000766657793598254,1.627677973095191,-1.6726485511934681,28.644346998290057,-2.357894736842112,-8.947368421052632
1.627677973095191,-1.6726485511934681,28.644346998290057,-2.357894736842112,-8.947368421052632,-0.19721821677481374,-0.0006644367868515208,1.6276600893585667,-1.6725836412107975,28.644346998290057,-2.4473684210526385,-8.947368421052632
1.6276600893585667,-1.6725836412107975,28.644346998290057,-2.4473684210526385,-8.947368421052632,-0.16687695265561164,-0.0005622157662192056,1.6276430109555815,-1.6725063602362695,28.644346998290057,-2.536842105263165,-8.947368421052632
1.6276430109555815,-1.6725063602362695,28.644346998290057,-2.536842105263165,-8.947368421052632,-0.13653568853640954,-0.00045999473383754854,1.6276268745168894,-1.6724173265332039,28.644346998290057,-2.6263157894736913,-8.947368421052632
1.6276268745168894,-1.6724173265332039,28.644346998290057,-2.6263157894736913,-8.947368421052632,-0.1061944244172074,-0.0003577736918427917,1.6276118091372416,-1.672317252389109,28.644346998290057,-2.7157894736842176,-8.947368421052632
1.6276118091372416,-1.672317252389109,28.644346998290057,-2.7157894736842176,-8.947368421052632,-0.07585316029800529,-0.00025555264237117815,1.6275979353427013,-1.6722069384172396,28.644346998290057,-2.8052631578947445,-8.947368421052632
1.6275979353427013,-1.6722069384172396,28.644346998290057,-2.8052631578947445,-8.947368421052632,-0.045511896178803184,-0.00015333158755895205,1.6275853641264115,-1.6720872671515292,28.644346998290057,-2.894736842105271,-8.947368421052632
1.6275853641264115,-1.6720872671515292,28.644346998290057,-2.894736842105271,-8.947368421052632,-0.015170632059601064,-5.111052954235819e-05,1.6275741960606283,-1.6719591959861413,28.644346998290057,-2.9842105263157976,-8.947368421052632
1.6275741960606283,-1.6719591959861413,28.644346998290057,-2.9842105263157976,-8.947368421052632,0.01517063205960103,5.111052954235819e-05,1.6275645204921205,-1.6718237495161248,28.644346998290057,-3.073684210526324,-8.947368421052632
1.6275645204921205,-1.6718237495161248,28.644346998290057,-3.073684210526324,-8.947368421052632,0.04551189617880315,0.00015333158755895205,1.6275564148273802,-1.6716820113404467,28.644346998290057,-3.163157894736851,-8.947368421052632
1.6275564148273802,-1.6716820113404467,28.644346998290057,-3.163157894736851,-8.947368421052632,0.07585316029800529,0.00025555264237117815,1.627549943913353,-1.6715351153929832,28.644346998290057,-3.252631578947377,-8.947368421052632
1.627549943913353,-1.6715351153929832,28.644346998290057,-3.252631578947377,-8.947368421052632,0.1061944244172074,0.00035777369184279164,1.6275451595186514,-1.6713842368708205,28.644346998290057,-3.342105263157904,-8.947368421052632
1.6275451595186514,-1.6713842368708205,28.644346998290057,-3.342105263157904,-8.947368421052632,0.13653568853640954,0.00045999473383754864,1.6275420999193937,-1.6712305828324427,28.644346998290057,-3.4315789473684304,-8.947368421052632
1.6275420999193937,-1.6712305828324427,28.644346998290057,-3.4315789473684304,-8.947368421052632,0.16687695265561164,0.0005622157662192056,1.627540789592989,-1.6710753825410214,28.644346998290057,-3.521052631578957,-8.947368421052632
1.627540789592989,-1.6710753825410214,28.644346998290057,-3.521052631578957,-8.947368421052632,0.19721821677481371,0.0006644367868515209,1.6275412390223112,-1.6709198776300624,28.644346998290057,-3.6105263157894836,-8.947368421052632
1.6275412390223112,-1.6709198776300624,28.644346998290057,-3.6105263157894836,-8.947368421052632,0.22755948089401587,0.000766657793598254,1.6275434446118358,-1.6707653121700896,28.644346998290057,-3.7000000000000104,-8.947368421052632
1.6275434446118358,-1.6707653121700896,28.644346998290057,-3.7000000000000104,-8.947368421052632,0.25790074501321797,0.0008688787843231663,1.6275473887164034,-1.6706129227158302,28.644346998290057,-3.7894736842105368,-8.947368421052632
1.6275473887164034,-1.6706129227158302,28.644346998290057,-3.7894736842105368,-8.947368421052632,0.2882420091324201,0.0009710997568900206,1.6275530397823852,-1.670463928413528,28.644346998290057,-3.8684210526315894,-7.894736842105264
1.6275530397823852,-1.670463928413528,28.644346998290057,-3.8684210526315894,-7.894736842105264,-0.2882420091324201,-0.0009710997568900206,1.6275601598832423,-1.6703189208264948,28.644346998290057,-3.947368421052642,-7.894736842105264
1.6275601598832423,-1.6703189208264948,28.644346998290057,-3.947368421052642,-7.894736842105264,-0.25790074501321797,-0.0008688787843231661,1.6275687046646594,-1.670178803272309,28.644346998290057,-4.026315789473695,-7.894736842105264
1.6275687046646594,-1.670178803272309,28.644346998290057,-4.026315789473695,-7.894736842105264,-0.2275594808940159,-0.000766657793598254,1.627578620897344,-1.6700444486063324,28.644346998290057,-4.105263157894747,-7.894736842105264
1.627578620897344,-1.6700444486063324,28.644346998290057,-4.105263157894747,-7.894736842105264,-0.19721821677481374,-0.0006644367868515208,1.6275898468086154,-1.6699166937842997,28.644346998290057,-4.1842105263158,-7.894736842105264
1.6275898468086154,-1.6699166937842997,28.644346998290057,-4.1842105263158,-7.894736842105264,-0.16687695265561164,-0.0005622157662192056,1.6276023124672163,-1.6697963346485456,28.644346998290057,-4.263157894736852,-7.894736842105264
1.6276023124672163,-1.6697963346485456,28.644346998290057,-4.263157894736852,-7.894736842105264,-0.13653568853640954,-0.00045999473383754854,1.6276159402189436,-1.6696841209703424,28.644346998290057,-4.342105263157905,-7.894736842105264
1.6276159402189436,-1.6696841209703424,28.644346998290057,-4.342105263157905,-7.894736842105264,-0.1061944244172074,-0.0003577736918427917,1.627630645170393,-1.669580751779239,28.644346998290057,-4.421052631578958,-7.894736842105264
1.627630645170393,-1.669580751779239,28.644346998290057,-4.421052631578958,-7.894736842105264,-0.07585316029800529,-0.00025555264237117815,1.6276463357177984,-1.66948687100849,28.644346998290057,-4.500000000000011,-7.894736842105264
1.6276463357177984,-1.66948687100849,28.644346998290057,-4.500000000000011,-7.894736842105264,-0.045511896178803184,-0.00015333158755895205,1.627662914117672,-1.669403063483705,28.644346998290057,-4.578947368421063,-7.894736842105264
1.627662914117672,-1.669403063483705,28.644346998290057,-4.578947368421063,-7.894736842105264,-0.015170632059601064,-5.111052954235819e-05,1.6276802770956929,-1.6693298512797077,28.644346998290057,-4.657894736842116,-7.894736842105264
1.6276802770956929,-1.6693298512797077,28.644346998290057,-4.657894736842116,-7.894736842105264,0.01517063205960103,5.111052954235819e-05,1.62769831649005,-1.6692676904682953,28.644346998290057,-4.736842105263168,-7.894736842105264
1.62769831649005,-1.6692676904682953,28.644346998290057,-4.736842105263168,-7.894736842105264,0.04551189617880315,0.00015333158755895205,1.62771691992523,-1.6692169682771631,28.644346998290057,-4.81578947368422,-7.894736842105264
1.62771691992523,-1.6692169682771631,28.644346998290057,-4.81578947368422,-7.894736842105264,0.07585316029800529,0.00025555264237117815,1.6277359715120554,-1.669178000677687,28.644346998290057,-4.8947368421052735,-7.894736842105264
1.6277359715120554,-1.669178000677687,28.644346998290057,-4.8947368421052735,-7.894736842105264,0.1061944244172074,0.00035777369184279164,1.6277553525696093,-1.669151030416598,28.644346998290057,-4.973684210526326,-7.894736842105264
1.6277553525696093,-1.669151030416598,28.644346998290057,-4.973684210526326,-7.894736842105264,0.13653568853640954,0.00045999473383754864,1.6277749423645544,-1.6691362255038007,28.644346998290057,-5.052631578947379,-7.894736842105264
1.6277749423645544,-1.6691362255038007,28.644346998290057,-5.052631578947379,-7.894736842105264,0.16687695265561164,0.0005622157662192056,1.6277946188632337,-1.6691336781657657,28.644346998290057,-5.131578947368431,-7.894736842105264
1.6277946188632337,-1.6691336781657657,28.644346998290057,-5.131578947368431,-7.894736842105264,0.19721821677481371,0.0006644367868515209,1.6278142594918734,-1.6691434042710098,28.644346998290057,-5.210526315789484,-7.894736842105264
1.6278142594918734,-1.6691434042710098,28.644346998290057,-5.210526315789484,-7.894736842105264,0.22755948089401587,0.000766657793598254,1.6278337419001505,-1.669165343231242,28.644346998290057,-5.289473684210537,-7.894736842105264
1.6278337419001505,-1.669165343231242,28.644346998290057,-5.289473684210537,-7.894736842105264,0.25790074501321797,0.0008688787843231663,1.6278529447233683,-1.6691993583787963,28.644346998290057,-5.36842105263159,-7.894736842105264
1.6278529447233683,-1.6691993583787963,28.644346998290057,-5.36842105263159,-7.894736842105264,0.2882420091324201,0.0009710997568900206,1.6278717483384906,-1.6692452378179965,28.644346998290057,-5.43684210526317,-6.842105263157895
1.6278717483384906,-1.6692452378179965,28.644346998290057,-5.43684210526317,-6.842105263157895,-0.2882420091324201,-0.0009710997568900206,1.6278901111147899,-1.6693011710736756,28.644346998290057,-5.505263157894749,-6.842105263157895
1.6278901111147899,-1.6693011710736756,28.644346998290057,-5.505263157894749,-6.842105263157895,-0.25790074501321797,-0.0008688787843231661,1.6279079471215543,-1.6693668963997645,28.644346998290057,-5.573684210526328,-6.842105263157895
1.6279079471215543,-1.6693668963997645,28.644346998290057,-5.573684210526328,-6.842105263157895,-0.2275594808940159,-0.000766657793598254,1.6279251728931494,-1.6694421062270808,28.644346998290057,-5.642105263157908,-6.842105263157895
1.6279251728931494,-1.6694421062270808,28.644346998290057,-5.642105263157908,-6.842105263157895,-0.19721821677481374,-0.0006644367868515208,1.6279417078196063,-1.6695264486026329,28.644346998290057,-5.710526315789487,-6.842105263157895
1.6279417078196063,-1.6695264486026329,28.644346998290057,-5.710526315789487,-6.842105263157895,-0.16687695265561164,-0.0005622157662192056,1.6279574745238452,-1.6696195288366256,28.644346998290057,-5.778947368421066,-6.842105263157895
1.6279574745238452,-1.6696195288366256,28.644346998290057,-5.778947368421066,-6.842105263157895,-0.13653568853640954,-0.00045999473383754854,1.6279723992237696,-1.6697209113494549,28.644346998290057,-5.847368421052645,-6.842105263157895
1.6279723992237696,-1.6697209113494549,28.644346998290057,-5.847368421052645,-6.842105263157895,-0.1061944244172074,-0.0003577736918427917,1.6279864120775385,-1.6698301217100535,28.644346998290057,-5.9157894736842245,-6.842105263157895
1.6279864120775385,-1.6698301217100535,28.644346998290057,-5.9157894736842245,-6.842105263157895,-0.07585316029800529,-0.00025555264237117815,1.6279994475104003,-1.6699466488560448,28.644346998290057,-5.984210526315803,-6.842105263157895
1.6279994475104003,-1.6699466488560448,28.644346998290057,-5.984210526315803,-6.842105263157895,-0.045511896178803184,-0.00015333158755895205,1.6280114445215548,-1.6700699474853178,28.644346998290057,-6.052631578947382,-6.842105263157895
1.6280114445215548,-1.6700699474853178,28.644346998290057,-6.052631578947382,-6.842105263157895,-0.015170632059601064,-5.111052954235819e-05,1.628022346969616,-1.670199440607831,28.644346998290057,-6.121052631578962,-6.842105263157895
1.628022346969616,-1.670199440607831,28.644346998290057,-6.121052631578962,-6.842105263157895,0.01517063205960103,5.111052954235819e-05,1.6280321038353314,-1.6703345222457031,28.644346998290057,-6.189473684210541,-6.842105263157895
1.6280321038353314,-1.6703345222457031,28.644346998290057,-6.189473684210541,-6.842105263157895,0.04551189617880315,0.00015333158755895205,1.6280406694603313,-1.6704745602689557,28.644346998290057,-6.25789473684212,-6.842105263157895
1.6280406694603313,-1.6704745602689557,28.644346998290057,-6.25789473684212,-6.842105263157895,0.07585316029800529,0.00025555264237117815,1.6280480037607934,-1.6706188993536377,28.644346998290057,-6.326315789473699,-6.842105263157895
1.6280480037607934,-1.6706188993536377,28.644346998290057,-6.326315789473699,-6.842105263157895,0.1061944244172074,0.00035777369184279164,1.6280540724150199,-1.6707668640484896,28.644346998290057,-6.394736842105279,-6.842105263157895
1.6280540724150199,-1.6707668640484896,28.644346998290057,-6.394736842105279,-6.842105263157895,0.13653568853640954,0.00045999473383754864,1.628058847024049,-1.6709177619357942,28.644346998290057,-6.463157894736858,-6.842105263157895
1.628058847024049,-1.6709177619357942,28.644346998290057,-6.463157894736858,-6.842105263157895,0.16687695265561164,0.0005622157662192056,1.6280623052445513,-1.671070886871624,28.644346998290057,-6.531578947368437,-6.842105263157895
1.6280623052445513,-1.671070886871624,28.644346998290057,-6.531578947368437,-6.842105263157895,0.19721821677481371,0.0006644367868515209,1.6280644308933887,-1.671225522290324,28.644346998290057,-6.600000000000016,-6.842105263157895
1.6280644308933887,-1.671225522290324,28.644346998290057,-6.600000000000016,-6.842105263157895,0.22755948089401587,0.000766657793598254,1.6280652140233438,-1.671380944557761,28.644346998290057,-6.6684210526315955,-6.842105263157895
1.6280652140233438,-1.671380944557761,28.644346998290057,-6.6684210526315955,-6.842105263157895,0.25790074501321797,0.0008688787843231663,1.628064650969671,-1.6715364263576542,28.644346998290057,-6.736842105263174,-6.842105263157895
1.628064650969671,-1.6715364263576542,28.644346998290057,-6.736842105263174,-6.842105263157895,0.2882420091324201,0.0009710997568900206,1.628062744367244,-1.6716912400951325,28.644346998290057,-6.79473684210528,-5.7894736842105265
1.628062744367244,-1.6716912400951325,28.644346998290057,-6.79473684210528,-5.7894736842105265,-0.2882420091324201,-0.0009710997568900206,1.628059707633824,-1.671844922469893,28.644346998290057,-6.852631578947385,-5.7894736842105265
1.628059707633824,-1.671844922469893,28.644346998290057,-6.852631578947385,-5.7894736842105265,-0.25790074501321797,-0.0008688787843231661,1.6280555509450934,-1.6719969585131305,28.644346998290057,-6.91052631578949,-5.7894736842105265
1.6280555509450934,-1.6719969585131305,28.644346998290057,-6.91052631578949,-5.7894736842105265,-0.2275594808940159,-0.000766657793598254,1.6280502882295524,-1.6721468387726732,28.644346998290057,-6.968421052631595,-5.7894736842105265
1.6280502882295524,-1.6721468387726732,28.644346998290057,-6.968421052631595,-5.7894736842105265,-0.19721821677481374,-0.0006644367868515208,1.6280439371218476,-1.6722940610200883,28.644346998290057,-7.0263157894737,-5.7894736842105265
1.6280439371218476,-1.6722940610200883,28.644346998290057,-7.0263157894737,-5.7894736842105265,-0.16687695265561164,-0.0005622157662192056,1.6280365189036798,-1.6724381319335817,28.644346998290057,-7.084210526315806,-5.7894736842105265
1.6280365189036798,-1.6724381319335817,28.644346998290057,-7.084210526315806,-5.7894736842105265,-0.13653568853640954,-0.00045999473383754854,1.6280280584324927,-1.672578568751052,28.644346998290057,-7.1421052631579105,-5.7894736842105265
1.6280280584324927,-1.672578568751052,28.644346998290057,-7.1421052631579105,-5.7894736842105265,-0.1061944244172074,-0.0003577736918427917,1.6280185840581782,-1.6727149008877604,28.644346998290057,-7.200000000000016,-5.7894736842105265
1.6280185840581782,-1.6727149008877604,28.644346998290057,-7.200000000000016,-5.7894736842105265,-0.07585316029800529,-0.00025555264237117815,1.6280081275280807,-1.6728466715131978,28.644346998290057,-7.257894736842121,-5.7894736842105265
1.6280081275280807,-1.6728466715131978,28.644346998290057,-7.257894736842121,-5.7894736842105265,-0.045511896178803184,-0.00015333158755895205,1.6279967238806143,-1.67297343908186,28.644346998290057,-7.315789473684227,-5.7894736842105265
1.6279967238806143,-1.67297343908186,28.644346998290057,-7.315789473684227,-5.7894736842105265,-0.015170632059601064,-5.111052954235819e-05,1.6279844113278568,-1.673094778812809,28.644346998290057,-7.373684210526331,-5.7894736842105265
1.6279844113278568,-1.673094778812809,28.644346998290057,-7.373684210526331,-5.7894736842105265,0.01517063205960103,5.111052954235819e-05,1.627971231127503,-1.6732102841130543,28.644346998290057,-7.431578947368437,-5.7894736842105265
1.627971231127503,-1.6732102841130543,28.644346998290057,-7.431578947368437,-5.7894736842105265,0.04551189617880315,0.00015333158755895205,1.6279572274446177,-1.6733195679399921,28.644346998290057,-7.489473684210542,-5.7894736842105265
1.6279572274446177,-1.6733195679399921,28.644346998290057,-7.489473684210542,-5.7894736842105265,0.07585316029800529,0.00025555264237117815,1.6279424472036437,-1.673422264098333,28.644346998290057,-7.5473684210526475,-5.7894736842105265
1.6279424472036437,-1.673422264098333,28.644346998290057,-7.5473684210526475,-5.7894736842105265,0.1061944244172074,0.00035777369184279164,1.6279269399311653,-1.6735180284671705,28.644346998290057,-7.605263157894752,-5.7894736842105265
1.6279269399311653,-1.6735180284671705,28.644346998290057,-7.605263157894752,-5.7894736842105265,0.13653568853640954,0.00045999473383754864,1.6279107575899505,-1.6736065401530862,28.644346998290057,-7.663157894736858,-5.7894736842105265
1.6279107575899505,-1.6736065401530862,28.644346998290057,-7.663157894736858,-5.7894736842105265,0.16687695265561164,0.0005622157662192056,1.6278939544048308,-1.673687502565419,28.644346998290057,-7.721052631578963,-5.7894736842105265
1.6278939544048308,-1.673687502565419,28.644346998290057,-7.721052631578963,-5.7894736842105265,0.19721821677481371,0.0006644367868515209,1.627876586681002,-1.6737606444101,28.644346998290057,-7.778947368421068,-5.7894736842105265
1.627876586681002,-1.6737606444101,28.644346998290057,-7.778947368421068,-5.7894736842105265,0.22755948089401587,0.000766657793598254,1.6278587126153528,-1.6738257205987228,28.644346998290057,-7.836842105263173,-5.7894736842105265
1.6278587126153528,-1.6738257205987228,28.644346998290057,-7.836842105263173,-5.7894736842105265,0.25790074501321797,0.0008688787843231663,1.6278403921014535,-1.6738825130698,28.644346998290057,-7.894736842105279,-5.7894736842105265
1.6278403921014535,-1.6738825130698,28.644346998290057,-7.894736842105279,-5.7894736842105265,0.2882420091324201,0.0009710997568900206,1.627821686528863,-1.6739308315194603,28.644346998290057,-7.942105263157909,-4.7368421052631575
1.627821686528863,-1.6739308315194603,28.644346998290057,-7.942105263157909,-4.7368421052631575,-0.2882420091324201,-0.0009710997568900206,1.6278027124780967,-1.6739720949530217,28.644346998290057,-7.989473684210541,-4.7368421052631575
1.6278027124780967,-1.6739720949530217,28.644346998290057,-7.989473684210541,-4.7368421052631575,-0.25790074501321797,-0.0008688787843231661,1.62778351251455,-1.6740062108022509,28.644346998290057,-8.036842105263172,-4.7368421052631575
1.62778351251455,-1.6740062108022509,28.644346998290057,-8.036842105263172,-4.7368421052631575,-0.2275594808940159,-0.000766657793598254,1.6277641297104184,-1.6740331025334327,28.644346998290057,-8.084210526315804,-4.7368421052631575
1.6277641297104184,-1.6740331025334327,28.644346998290057,-8.084210526315804,-4.7368421052631575,-0.19721821677481374,-0.0006644367868515208,1.627744607548074,-1.674052709819061,28.644346998290057,-8.131578947368435,-4.7368421052631575
1.627744607548074,-1.674052709819061,28.644346998290057,-8.131578947368435,-4.7368421052631575,-0.16687695265561164,-0.0005622157662192056,1.6277249898225157,-1.6740649886731747,28.644346998290057,-8.178947368421065,-4.7368421052631575
1.6277249898225157,-1.6740649886731747,28.644346998290057,-8.178947368421065,-4.7368421052631575,-0.13653568853640954,-0.00045999473383754854,1.6277053205431253,-1.6740699115500333,28.644346998290057,-8.226315789473697,-4.7368421052631575
1.6277053205431253,-1.6740699115500333,28.644346998290057,-8.226315789473697,-4.7368421052631575,-0.1061944244172074,-0.0003577736918427917,1.6276856438349379,-1.674067467405912,28.644346998290057,-8.273684210526328,-4.7368421052631575
1.6276856438349379,-1.674067467405912,28.644346998290057,-8.273684210526328,-4.7368421052631575,-0.07585316029800529,-0.00025555264237117815,1.6276660038396535,-1.6740576617238758,28.644346998290057,-8.32105263157896,-4.7368421052631575
1.6276660038396535,-1.6740576617238758,28.644346998290057,-8.32105263157896,-4.7368421052631575,-0.045511896178803184,-0.00015333158755895205,1.6276464446166121,-1.6740405165014802,28.644346998290057,-8.368421052631591,-4.7368421052631575
1.6276464446166121,-1.6740405165014802,28.644346998290057,-8.368421052631591,-4.7368421052631575,-0.015170632059601064,-5.111052954235819e-05,1.627627010043954,-1.6740160702014224,28.644346998290057,-8.415789473684223,-4.7368421052631575
1.627627010043954,-1.6740160702014224,28.644346998290057,-8.415789473684223,-4.7368421052631575,0.01517063205960103,5.111052954235819e-05,1.627607743720185,-1.6739843776652554,28.644346998290057,-8.463157894736852,-4.7368421052631575
1.627607743720185,-1.6739843776652554,28.644346998290057,-8.463157894736852,-4.7368421052631575,0.04551189617880315,0.00015333158755895205,1.6275886888663704,-1.6739455099903608,28.644346998290057,-8.510526315789484,-4.7368421052631575
1.6275886888663704,-1.6739455099903608,28.644346998290057,-8.510526315789484,-4.7368421052631575,0.07585316029800529,0.00025555264237117815,1.627569888229174,-1.673899554370452,28.644346998290057,-8.557894736842115,-4.7368421052631575
1.627569888229174,-1.673899554370452,28.644346998290057,-8.557894736842115,-4.7368421052631575,0.1061944244172074,0.00035777369184279164,1.627551383984965,-1.673846613899968,28.644346998290057,-8.605263157894747,-4.7368421052631575
1.627551383984965,-1.673846613899968,28.644346998290057,-8.605263157894747,-4.7368421052631575,0.13653568853640954,0.00045999473383754864,1.6275332176451978,-1.6737868073427964,28.644346998290057,-8.652631578947378,-4.7368421052631575
1.6275332176451978,-1.6737868073427964,28.644346998290057,-8.652631578947378,-4.7368421052631575,0.16687695265561164,0.0005622157662192056,1.6275154299632917,-1.6737202688658464,28.644346998290057,-8.70000000000001,-4.7368421052631575
1.6275154299632917,-1.6737202688658464,28.644346998290057,-8.70000000000001,-4.7368421052631575,0.19721821677481371,0.0006644367868515209,1.6274980608432037,-1.6736471477380637,28.644346998290057,-8.74736842105264,-4.7368421052631575
1.6274980608432037,-1.6736471477380637,28.644346998290057,-8.74736842105264,-4.7368421052631575,0.22755948089401587,0.000766657793598254,1.627481149249911,-1.67356760799557,28.644346998290057,-8.794736842105271,-4.7368421052631575
1.627481149249911,-1.67356760799557,28.644346998290057,-8.794736842105271,-4.7368421052631575,0.25790074501321797,0.0008688787843231663,1.6274647331219994,-1.6734818280736716,28.644346998290057,-8.842105263157903,-4.7368421052631575
1.6274647331219994,-1.6734818280736716,28.644346998290057,-8.842105263157903,-4.7368421052631575,0.2882420091324201,0.0009710997568900206,1.627448849286553,-1.6733900004065685,28.644346998290057,-8.878947368421061,-3.6842105263157894
1.627448849286553,-1.6733900004065685,28.644346998290057,-8.878947368421061,-3.6842105263157894,-0.2882420091324201,-0.0009710997568900206,1.6274334041555154,-1.6732936106797336,28.644346998290057,-8.91578947368422,-3.6842105263157894
1.6274334041555154,-1.6732936106797336,28.644346998290057,-8.91578947368422,-3.6842105263157894,-0.25790074501321797,-0.0008688787843231661,1.627418418690821,-1.67319278971207,28.644346998290057,-8.952631578947377,-3.6842105263157894
1.627418418690821,-1.67319278971207,28.644346998290057,-8.952631578947377,-3.6842105263157894,-0.2275594808940159,-0.000766657793598254,1.6274039132305502,-1.6730876743365044,28.644346998290057,-8.989473684210536,-3.6842105263157894
1.6274039132305502,-1.6730876743365044,28.644346998290057,-8.989473684210536,-3.6842105263157894,-0.19721821677481374,-0.0006644367868515208,1.627389907461328,-1.6729784072142788,28.644346998290057,-9.026315789473696,-3.6842105263157894
1.627389907461328,-1.6729784072142788,28.644346998290057,-9.026315789473696,-3.6842105263157894,-0.16687695265561164,-0.0005622157662192056,1.627376420391605,-1.6728651366413316,28.644346998290057,-9.063157894736854,-3.6842105263157894
1.627376420391605,-1.6728651366413316,28.644346998290057,-9.063157894736854,-3.6842105263157894,-0.13653568853640954,-0.00045999473383754854,1.6273634703258597,-1.672748016347035,28.644346998290057,-9.100000000000012,-3.6842105263157894
1.6273634703258597,-1.672748016347035,28.644346998290057,-9.100000000000012,-3.6842105263157894,-0.1061944244172074,-0.0003577736918427917,1.6273510748397553,-1.6726272052855524,28.644346998290057,-9.13684210526317,-3.6842105263157894
1.6273510748397553,-1.6726272052855524,28.644346998290057,-9.13684210526317,-3.6842105263157894,-0.07585316029800529,-0.00025555264237117815,1.6273392507562872,-1.67250286742011,28.644346998290057,-9.173684210526329,-3.6842105263157894
1.6273392507562872,-1.67250286742011,28.644346998290057,-9.173684210526329,-3.6842105263157894,-0.045511896178803184,-0.00015333158755895205,1.62732801412295,-1.6723751715004658,28.644346998290057,-9.210526315789487,-3.6842105263157894
1.62732801412295,-1.6723751715004658,28.644346998290057,-9.210526315789487,-3.6842105263157894,-0.015170632059601064,-5.111052954235819e-05,1.6273173801899583,-1.6722442908338875,28.644346998290057,-9.247368421052645,-3.6842105263157894
1.6273173801899583,-1.6722442908338875,28.644346998290057,-9.247368421052645,-3.6842105263157894,0.01517063205960103,5.111052954235819e-05,1.6273073633895498,-1.67211040304994,28.644346998290057,-9.284210526315803,-3.6842105263157894
1.6273073633895498,-1.67211040304994,28.644346998290057,-9.284210526315803,-3.6842105263157894,0.04551189617880315,0.00015333158755895205,1.6272979773163982,-1.6719736898594098,28.644346998290057,-9.321052631578961,-3.6842105263157894
1.6272979773163982,-1.6719736898594098,28.644346998290057,-9.321052631578961,-3.6842105263157894,0.07585316029800529,0.00025555264237117815,1.6272892347091614,-1.671834336807688,28.644346998290057,-9.35789473684212,-3.6842105263157894
1.6272892347091614,-1.671834336807688,28.644346998290057,-9.35789473684212,-3.6842105263157894,0.1061944244172074,0.00035777369184279164,1.627281147433194,-1.671692533022952,28.644346998290057,-9.394736842105278,-3.6842105263157894
1.627281147433194,-1.671692533022952,28.644346998290057,-9.394736842105278,-3.6842105263157894,0.13653568853640954,0.00045999473383754864,1.6272737264644437,-1.6715484709594834,28.644346998290057,-9.431578947368436,-3.6842105263157894
1.6272737264644437,-1.6715484709594834,28.644346998290057,-9.431578947368436,-3.6842105263157894,0.16687695265561164,0.0005622157662192056,1.6272669818745542,-1.6714023461364698,28.644346998290057,-9.468421052631596,-3.6842105263157894
1.6272669818745542,-1.6714023461364698,28.644346998290057,-9.468421052631596,-3.6842105263157894,0.19721821677481371,0.0006644367868515209,1.6272609228171961,-1.67125435687265,28.644346998290057,-9.505263157894754,-3.6842105263157894
1.6272609228171961,-1.67125435687265,28.644346998290057,-9.505263157894754,-3.6842105263157894,0.22755948089401587,0.000766657793598254,1.627255557515645,-1.671104704017158,28.644346998290057,-9.542105263157913,-3.6842105263157894
1.627255557515645,-1.671104704017158,28.644346998290057,-9.542105263157913,-3.6842105263157894,0.25790074501321797,0.0008688787843231663,1.6272508932516194,-1.6709535906769335,28.644346998290057,-9.57894736842107,-3.6842105263157894
1.6272508932516194,-1.6709535906769335,28.644346998290057,-9.57894736842107,-3.6842105263157894,0.2882420091324201,0.0009710997568900206,1.6272469363553985,-1.6708012219410666,28.644346998290057,-9.605263157894754,-2.6315789473684212
1.6272469363553985,-1.6708012219410666,28.644346998290057,-9.605263157894754,-2.6315789473684212,-0.2882420091324201,-0.0009710997568900206,1.6272434880660829,-1.670648083013659,28.644346998290057,-9.631578947368439,-2.6315789473684212
1.6272434880660829,-1.670648083013659,28.644346998290057,-9.631578947368439,-2.6315789473684212,-0.25790074501321797,-0.0008688787843231661,1.6272405507715468,-1.6704942799404798,28.644346998290057,-9.657894736842124,-2.6315789473684212
1.6272405507715468,-1.6704942799404798,28.644346998290057,-9.657894736842124,-2.6315789473684212,-0.2275594808940159,-0.000766657793598254,1.6272381265058102,-1.6703399192272055,28.644346998290057,-9.684210526315807,-2.6315789473684212
1.6272381265058102,-1.6703399192272055,28.644346998290057,-9.684210526315807,-2.6315789473684212,-0.19721821677481374,-0.0006644367868515208,1.6272362169476309,-1.6701851077656684,28.644346998290057,-9.710526315789492,-2.6315789473684212
1.6272362169476309,-1.6701851077656684,28.644346998290057,-9.710526315789492,-2.6315789473684212,-0.16687695265561164,-0.0005622157662192056,1.627234823419341,-1.6700299527598346,28.644346998290057,-9.736842105263177,-2.6315789473684212
1.627234823419341,-1.6700299527598346,28.644346998290057,-9.736842105263177,-2.6315789473684212,-0.13653568853640954,-0.00045999473383754854,1.6272339468859325,-1.6698745616515687,28.644346998290057,-9.763157894736862,-2.6315789473684212
1.6272339468859325,-1.6698745616515687,28.644346998290057,-9.763157894736862,-2.6315789473684212,-0.1061944244172074,-0.0003577736918427917,1.6272335879543873,-1.669719042046231,28.644346998290057,-9.789473684210545,-2.6315789473684212
1.6272335879543873,-1.669719042046231,28.644346998290057,-9.789473684210545,-2.6315789473684212,-0.07585316029800529,-0.00025555264237117815,1.6272337468732592,-1.6695635016381645,28.644346998290057,-9.81578947368423,-2.6315789473684212
1.6272337468732592,-1.6695635016381645,28.644346998290057,-9.81578947368423,-2.6315789473684212,-0.045511896178803184,-0.00015333158755895205,1.6272344235324998,-1.6694080481361167,28.644346998290057,-9.842105263157915,-2.6315789473684212
1.6272344235324998,-1.6694080481361167,28.644346998290057,-9.842105263157915,-2.6315789473684212,-0.015170632059601064,-5.111052954235819e-05,1.6272356174635354,-1.6692527891886546,28.644346998290057,-9.868421052631598,-2.6315789473684212
1.6272356174635354,-1.6692527891886546,28.644346998290057,-9.868421052631598,-2.6315789473684212,0.01517063205960103,5.111052954235819e-05,1.627237327839592,-1.6690978323096206,28.644346998290057,-9.894736842105283,-2.6315789473684212
1.627237327839592,-1.6690978323096206,28.644346998290057,-9.894736842105283,-2.6315789473684212,0.04551189617880315,0.00015333158755895205,1.6272395534762665,-1.6689432848036796,28.644346998290057,-9.921052631578968,-2.6315789473684212
1.6272395534762665,-1.6689432848036796,28.644346998290057,-9.921052631578968,-2.6315789473684212,0.07585316029800529,0.00025555264237117815,1.6272422928323484,-1.6687892536920144,28.644346998290057,-9.947368421052651,-2.6315789473684212
1.6272422928323484,-1.6687892536920144,28.644346998290057,-9.947368421052651,-2.6315789473684212,0.1061944244172074,0.00035777369184279164,1.6272455440108864,-1.6686358456382135,28.644346998290057,-9.973684210526336,-2.6315789473684212
1.6272455440108864,-1.6686358456382135,28.644346998290057,-9.973684210526336,-2.6315789473684212,0.13653568853640954,0.00045999473383754864,1.6272493047605017,-1.668483166874411,28.644346998290057,-10.000000000000021,-2.6315789473684212
1.6272493047605017,-1.668483166874411,28.644346998290057,-10.000000000000021,-2.6315789473684212,0.16687695265561164,0.0005622157662192056,1.627253572476947,-1.6683313231277206,28.644346998290057,-10.026315789473704,-2.6315789473684212
1.627253572476947,-1.6683313231277206,28.644346998290057,-10.026315789473704,-2.6315789473684212,0.19721821677481371,0.0006644367868515209,1.627258344204911,-1.6681804195470231,28.644346998290057,-10.05263157894739,-2.6315789473684212
1.627258344204911,-1.6681804195470231,28.644346998290057,-10.05263157894739,-2.6315789473684212,0.22755948089401587,0.000766657793598254,1.6272636166400634,-1.6680305606301533,28.644346998290057,-10.078947368421074,-2.6315789473684212
1.6272636166400634,-1.6680305606301533,28.644346998290057,-10.078947368421074,-2.6315789473684212,0.25790074501321797,0.0008688787843231663,1.6272693861313439,-1.6678818501515347,28.644346998290057,-10.105263157894758,-2.6315789473684212
1.6272693861313439,-1.6678818501515347,28.644346998290057,-10.105263157894758,-2.6315789473684212,0.2882420091324201,0.0009710997568900206,1.6272756486834907,-1.6677343910903204,28.644346998290057,-10.12105263157897,-1.578947368421053
1.6272756486834907,-1.6677343910903204,28.644346998290057,-10.12105263157897,-1.578947368421053,-0.2882420091324201,-0.0009710997568900206,1.6272822050122726,-1.6675877319519925,28.644346998290057,-10.13684210526318,-1.578947368421053
1.6272822050122726,-1.6675877319519925,28.644346998290057,-10.13684210526318,-1.578947368421053,-0.25790074501321797,-0.0008688787843231661,1.6272890534831814,-1.6674419092990118,28.644346998290057,-10.152631578947389,-1.578947368421053
1.6272890534831814,-1.6674419092990118,28.644346998290057,-10.152631578947389,-1.578947368421053,-0.2275594808940159,-0.000766657793598254,1.6272961923888776,-1.6672969594853009,28.644346998290057,-10.168421052631599,-1.578947368421053
1.6272961923888776,-1.6672969594853009,28.644346998290057,-10.168421052631599,-1.578947368421053,-0.19721821677481374,-0.0006644367868515208,1.6273036199496154,-1.6671529186471814,28.644346998290057,-10.18421052631581,-1.578947368421053
1.6273036199496154,-1.6671529186471814,28.644346998290057,-10.18421052631581,-1.578947368421053,-0.16687695265561164,-0.0005622157662192056,1.6273113343136871,-1.6670098226943662,28.644346998290057,-10.20000000000002,-1.578947368421053
1.6273113343136871,-1.6670098226943662,28.644346998290057,-10.20000000000002,-1.578947368421053,-0.13653568853640954,-0.00045999473383754854,1.6273193335578837,-1.6668677073010048,28.644346998290057,-10.21578947368423,-1.578947368421053
1.6273193335578837,-1.6668677073010048,28.644346998290057,-10.21578947368423,-1.578947368421053,-0.1061944244172074,-0.0003577736918427917,1.6273276156879757,-1.6667266078967913,28.644346998290057,-10.231578947368442,-1.578947368421053
1.6273276156879757,-1.6667266078967913,28.644346998290057,-10.231578947368442,-1.578947368421053,-0.07585316029800529,-0.00025555264237117815,1.6273361786392087,-1.6665865596581324,28.644346998290057,-10.247368421052652,-1.578947368421053
1.6273361786392087,-1.6665865596581324,28.644346998290057,-10.247368421052652,-1.578947368421053,-0.045511896178803184,-0.00015333158755895205,1.6273450202768192,-1.6664475974993762,28.644346998290057,-10.263157894736862,-1.578947368421053
1.6273450202768192,-1.6664475974993762,28.644346998290057,-10.263157894736862,-1.578947368421053,-0.015170632059601064,-5.111052954235819e-05,1.6273541383965668,-1.6663097560641076,28.644346998290057,-10.278947368421072,-1.578947368421053
1.6273541383965668,-1.6663097560641076,28.644346998290057,-10.278947368421072,-1.578947368421053,0.01517063205960103,5.111052954235819e-05,1.6273635307252834,-1.6661730697165138,28.644346998290057,-10.294736842105284,-1.578947368421053
1.6273635307252834,-1.6661730697165138,28.644346998290057,-10.294736842105284,-1.578947368421053,0.04551189617880315,0.00015333158755895205,1.6273731949214394,-1.666037572532816,28.644346998290057,-10.310526315789494,-1.578947368421053
1.6273731949214394,-1.666037572532816,28.644346998290057,-10.310526315789494,-1.578947368421053,0.07585316029800529,0.00025555264237117815,1.6273831285757288,-1.6659032982927733,28.644346998290057,-10.326315789473703,-1.578947368421053
1.6273831285757288,-1.6659032982927733,28.644346998290057,-10.326315789473703,-1.578947368421053,0.1061944244172074,0.00035777369184279164,1.627393329211669,-1.6657702804712624,28.644346998290057,-10.342105263157915,-1.578947368421053
1.627393329211669,-1.6657702804712624,28.644346998290057,-10.342105263157915,-1.578947368421053,0.13653568853640954,0.00045999473383754864,1.6274037942862172,-1.6656385522299326,28.644346998290057,-10.357894736842125,-1.578947368421053
1.6274037942862172,-1.6656385522299326,28.644346998290057,-10.357894736842125,-1.578947368421053,0.16687695265561164,0.0005622157662192056,1.627414521190407,-1.6655081464089372,28.644346998290057,-10.373684210526335,-1.578947368421053
1.627414521190407,-1.6655081464089372,28.644346998290057,-10.373684210526335,-1.578947368421053,0.19721821677481371,0.0006644367868515209,1.627425507249996,-1.665379095518747,28.644346998290057,-10.389473684210545,-1.578947368421053
1.627425507249996,-1.665379095518747,28.644346998290057,-10.389473684210545,-1.578947368421053,0.22755948089401587,0.000766657793598254,1.6274367497261346,-1.665251431732046,28.644346998290057,-10.405263157894757,-1.578947368421053
1.6274367497261346,-1.665251431732046,28.644346998290057,-10.405263157894757,-1.578947368421053,0.25790074501321797,0.0008688787843231663,1.6274482458160477,-1.6651251868757095,28.644346998290057,-10.421052631578966,-1.578947368421053
1.6274482458160477,-1.6651251868757095,28.644346998290057,-10.421052631578966,-1.578947368421053,0.2882420091324201,0.0009710997568900206,1.6274599926537332,-1.6650003924228711,28.644346998290057,-10.426315789473703,-0.526315789473685
1.6274599926537332,-1.6650003924228711,28.644346998290057,-10.426315789473703,-0.526315789473685,-0.2882420091324201,-0.0009710997568900206,1.6274718224262954,-1.664876088369622,28.644346998290057,-10.431578947368441,-0.526315789473685
1.6274718224262954,-1.664876088369622,28.644346998290057,-10.431578947368441,-0.526315789473685,-0.25790074501321797,-0.0008688787843231661,1.6274837348060396,-1.6647522781592805,28.644346998290057,-10.43684210526318,-0.526315789473685
1.6274837348060396,-1.6647522781592805,28.644346998290057,-10.43684210526318,-0.526315789473685,-0.2275594808940159,-0.000766657793598254,1.6274957294629844,-1.6646289652214836,28.644346998290057,-10.442105263157917,-0.526315789473685
1.6274957294629844,-1.6646289652214836,28.644346998290057,-10.442105263157917,-0.526315789473685,-0.19721821677481374,-0.0006644367868515208,1.6275078060648684,-1.664506152972095,28.644346998290057,-10.447368421052655,-0.526315789473685
1.6275078060648684,-1.664506152972095,28.644346998290057,-10.447368421052655,-0.526315789473685,-0.16687695265561164,-0.0005622157662192056,1.6275199642771603,-1.6643838448131076,28.644346998290057,-10.452631578947392,-0.526315789473685
1.6275199642771603,-1.6643838448131076,28.644346998290057,-10.452631578947392,-0.526315789473685,-0.13653568853640954,-0.00045999473383754854,1.6275322037630686,-1.6642620441325517,28.644346998290057,-10.45789473684213,-0.526315789473685
1.6275322037630686,-1.6642620441325517,28.644346998290057,-10.45789473684213,-0.526315789473685,-0.1061944244172074,-0.0003577736918427917,1.62754452418355,-1.6641407543043996,28.644346998290057,-10.463157894736867,-0.526315789473685
1.62754452418355,-1.6641407543043996,28.644346998290057,-10.463157894736867,-0.526315789473685,-0.07585316029800529,-0.00025555264237117815,1.6275569251973194,-1.6640199786884722,28.644346998290057,-10.468421052631605,-0.526315789473685
1.6275569251973194,-1.6640199786884722,28.644346998290057,-10.468421052631605,-0.526315789473685,-0.045511896178803184,-0.00015333158755895205,1.627569406460859,-1.663899720630347,28.644346998290057,-10.473684210526342,-0.526315789473685
1.627569406460859,-1.663899720630347,28.644346998290057,-10.473684210526342,-0.526315789473685,-0.015170632059601064,-5.111052954235819e-05,1.6275819676284287,-1.663779983461264,28.644346998290057,-10.47894736842108,-0.526315789473685
1.6275819676284287,-1.663779983461264,28.644346998290057,-10.47894736842108,-0.526315789473685,0.01517063205960103,5.111052954235819e-05,1.6275946083520743,-1.6636607704980355,28.644346998290057,-10.484210526315817,-0.526315789473685
1.6275946083520743,-1.6636607704980355,28.644346998290057,-10.484210526315817,-0.526315789473685,0.04551189617880315,0.00015333158755895205,1.627607328281638,-1.663542085042951,28.644346998290057,-10.489473684210555,-0.526315789473685
1.627607328281638,-1.663542085042951,28.644346998290057,-10.489473684210555,-0.526315789473685,0.07585316029800529,0.00025555264237117815,1.6276201270647677,-1.6634239303836895,28.644346998290057,-10.494736842105292,-0.526315789473685
1.6276201270647677,-1.6634239303836895,28.644346998290057,-10.494736842105292,-0.526315789473685,0.1061944244172074,0.00035777369184279164,1.6276330043469278,-1.6633063097932252,28.644346998290057,-10.50000000000003,-0.526315789473685
1.6276330043469278,-1.6633063097932252,28.644346998290057,-10.50000000000003,-0.526315789473685,0.13653568853640954,0.00045999473383754864,1.6276459597714075,-1.663189226529739,28.644346998290057,-10.505263157894767,-0.526315789473685
1.6276459597714075,-1.663189226529739,28.644346998290057,-10.505263157894767,-0.526315789473685,0.16687695265561164,0.0005622157662192056,1.6276589929793315,-1.663072683836527,28.644346998290057,-10.510526315789505,-0.526315789473685
1.6276589929793315,-1.663072683836527,28.644346998290057,-10.510526315789505,-0.526315789473685,0.19721821677481371,0.0006644367868515209,1.6276721036096702,-1.662956684941911,28.644346998290057,-10.515789473684242,-0.526315789473685
1.6276721036096702,-1.662956684941911,28.644346998290057,-10.515789473684242,-0.526315789473685,0.22755948089401587,0.000766657793598254,1.6276852912992488,-1.6628412330591493,28.644346998290057,-10.52105263157898,-0.526315789473685
1.6276852912992488,-1.6628412330591493,28.644346998290057,-10.52105263157898,-0.526315789473685,0.25790074501321797,0.0008688787843231663,1.6276985556827586,-1.662726331386348,28.644346998290057,-10.526315789473717,-0.526315789473685
1.6276985556827586,-1.662726331386348,28.644346998290057,-10.526315789473717,-0.526315789473685,0.2882420091324201,0.0009710997568900206,1.6277118963927655,-1.6626119831063715,28.644346998290057,-10.52105263157898,0.526315789473685
1.6277118963927655,-1.6626119831063715,28.644346998290057,-10.52105263157898,0.526315789473685,-0.2882420091324201,-0.0009710997568900206,1.627725160776275,-1.6624970814335702,28.644346998290057,-10.515789473684242,0.526315789473685
1.627725160776275,-1.6624970814335702,28.644346998290057,-10.515789473684242,0.526315789473685,-0.25790074501321797,-0.0008688787843231661,1.6277383484658539,-1.662381629550809,28.644346998290057,-10.510526315789505,0.526315789473685
1.6277383484658539,-1.662381629550809,28.644346998290057,-10.510526315789505,0.526315789473685,-0.2275594808940159,-0.000766657793598254,1.6277514590961923,-1.6622656306561927,28.644346998290057,-10.505263157894767,0.526315789473685
1.6277514590961923,-1.6622656306561927,28.644346998290057,-10.505263157894767,0.526315789473685,-0.19721821677481374,-0.0006644367868515208,1.6277644923041164,-1.6621490879629808,28.644346998290057,-10.50000000000003,0.526315789473685
1.6277644923041164,-1.6621490879629808,28.644346998290057,-10.50000000000003,0.526315789473685,-0.16687695265561164,-0.0005622157662192056,1.6277774477285962,-1.6620320046994945,28.644346998290057,-10.494736842105292,0.526315789473685
1.6277774477285962,-1.6620320046994945,28.644346998290057,-10.494736842105292,0.526315789473685,-0.13653568853640954,-0.00045999473383754854,1.6277903250107564,-1.66191438410903,28.644346998290057,-10.489473684210555,0.526315789473685
1.6277903250107564,-1.66191438410903,28.644346998290057,-10.489473684210555,0.526315789473685,-0.1061944244172074,-0.0003577736918427917,1.6278031237938864,-1.6617962294497686,28.644346998290057,-10.484210526315817,0.526315789473685
1.6278031237938864,-1.6617962294497686,28.644346998290057,-10.484210526315817,0.526315789473685,-0.07585316029800529,-0.00025555264237117815,1.6278158437234498,-1.6616775439946843,28.644346998290057,-10.47894736842108,0.526315789473685
1.6278158437234498,-1.6616775439946843,28.644346998290057,-10.47894736842108,0.526315789473685,-0.045511896178803184,-0.00015333158755895205,1.6278284844470952,-1.6615583310314554,28.644346998290057,-10.473684210526342,0.526315789473685
1.6278284844470952,-1.6615583310314554,28.644346998290057,-10.473684210526342,0.526315789473685,-0.015170632059601064,-5.111052954235819e-05,1.6278410456146648,-1.6614385938623728,28.644346998290057,-10.468421052631605,0.526315789473685
1.6278410456146648,-1.6614385938623728,28.644346998290057,-10.468421052631605,0.526315789473685,0.01517063205960103,5.111052954235819e-05,1.6278535268782046,-1.6613183358042476,28.644346998290057,-10.463157894736867,0.526315789473685
1.6278535268782046,-1.6613183358042476,28.644346998290057,-10.463157894736867,0.526315789473685,0.04551189617880315,0.00015333158755895205,1.627865927891974,-1.6611975601883202,28.644346998290057,-10.45789473684213,0.526315789473685
1.627865927891974,-1.6611975601883202,28.644346998290057,-10.45789473684213,0.526315789473685,0.07585316029800529,0.00025555264237117815,1.6278782483124554,-1.6610762703601678,28.644346998290057,-10.452631578947392,0.526315789473685
1.6278782483124554,-1.6610762703601678,28.644346998290057,-10.452631578947392,0.526315789473685,0.1061944244172074,0.00035777369184279164,1.6278904877983635,-1.660954469679612,28.644346998290057,-10.447368421052655,0.526315789473685
1.6278904877983635,-1.660954469679612,28.644346998290057,-10.447368421052655,0.526315789473685,0.13653568853640954,0.00045999473383754864,1.6279026460106558,-1.660832161520625,28.644346998290057,-10.442105263157917,0.526315789473685
1.6279026460106558,-1.660832161520625,28.644346998290057,-10.442105263157917,0.526315789473685,0.16687695265561164,0.0005622157662192056,1.6279147226125397,-1.6607093492712361,28.644346998290057,-10.43684210526318,0.526315789473685
1.6279147226125397,-1.6607093492712361,28.644346998290057,-10.43684210526318,0.526315789473685,0.19721821677481371,0.0006644367868515209,1.6279267172694845,-1.6605860363334393,28.644346998290057,-10.431578947368441,0.526315789473685
1.6279267172694845,-1.6605860363334393,28.644346998290057,-10.431578947368441,0.526315789473685,0.22755948089401587,0.000766657793598254,1.6279386296492289,-1.6604622261230975,28.644346998290057,-10.426315789473703,0.526315789473685
1.6279386296492289,-1.6604622261230975,28.644346998290057,-10.426315789473703,0.526315789473685,0.25790074501321797,0.0008688787843231663,1.6279504594217906,-1.6603379220698486,28.644346998290057,-10.421052631578966,0.526315789473685
1.6279504594217906,-1.6603379220698486,28.644346998290057,-10.421052631578966,0.526315789473685,0.2882420091324201,0.0009710997568900206,1.6279622062594765,-1.6602131276170102,28.644346998290057,-10.405263157894757,1.578947368421053
1.6279622062594765,-1.6602131276170102,28.644346998290057,-10.405263157894757,1.578947368421053,-0.2882420091324201,-0.0009710997568900206,1.6279737023493894,-1.6600868827606738,28.644346998290057,-10.389473684210545,1.578947368421053
1.6279737023493894,-1.6600868827606738,28.644346998290057,-10.389473684210545,1.578947368421053,-0.25790074501321797,-0.0008688787843231661,1.627984944825528,-1.659959218973973,28.644346998290057,-10.373684210526335,1.578947368421053
1.627984944825528,-1.659959218973973,28.644346998290057,-10.373684210526335,1.578947368421053,-0.2275594808940159,-0.000766657793598254,1.627995930885117,-1.6598301680837826,28.644346998290057,-10.357894736842125,1.578947368421053
1.627995930885117,-1.6598301680837826,28.644346998290057,-10.357894736842125,1.578947368421053,-0.19721821677481374,-0.0006644367868515208,1.6280066577893069,-1.659699762262787,28.644346998290057,-10.342105263157915,1.578947368421053
1.6280066577893069,-1.659699762262787,28.644346998290057,-10.342105263157915,1.578947368421053,-0.16687695265561164,-0.0005622157662192056,1.6280171228638551,-1.6595680340214571,28.644346998290057,-10.326315789473703,1.578947368421053
1.6280171228638551,-1.6595680340214571,28.644346998290057,-10.326315789473703,1.578947368421053,-0.13653568853640954,-0.00045999473383754854,1.628027323499795,-1.6594350161999465,28.644346998290057,-10.310526315789494,1.578947368421053
1.628027323499795,-1.6594350161999465,28.644346998290057,-10.310526315789494,1.578947368421053,-0.1061944244172074,-0.0003577736918427917,1.6280372571540846,-1.6593007419599037,28.644346998290057,-10.294736842105284,1.578947368421053
1.6280372571540846,-1.6593007419599037,28.644346998290057,-10.294736842105284,1.578947368421053,-0.07585316029800529,-0.00025555264237117815,1.6280469213502404,-1.6591652447762057,28.644346998290057,-10.278947368421072,1.578947368421053
1.6280469213502404,-1.6591652447762057,28.644346998290057,-10.278947368421072,1.578947368421053,-0.045511896178803184,-0.00015333158755895205,1.628056313678957,-1.6590285584286122,28.644346998290057,-10.263157894736862,1.578947368421053
1.628056313678957,-1.6590285584286122,28.644346998290057,-10.263157894736862,1.578947368421053,-0.015170632059601064,-5.111052954235819e-05,1.6280654317987047,-1.6588907169933438,28.644346998290057,-10.247368421052652,1.578947368421053
1.6280654317987047,-1.6588907169933438,28.644346998290057,-10.247368421052652,1.578947368421053,0.01517063205960103,5.111052954235819e-05,1.6280742734363152,-1.6587517548345871,28.644346998290057,-10.231578947368442,1.578947368421053
1.6280742734363152,-1.6587517548345871,28.644346998290057,-10.231578947368442,1.578947368421053,0.04551189617880315,0.00015333158755895205,1.6280828363875481,-1.6586117065959283,28.644346998290057,-10.21578947368423,1.578947368421053
1.6280828363875481,-1.6586117065959283,28.644346998290057,-10.21578947368423,1.578947368421053,0.07585316029800529,0.00025555264237117815,1.62809111851764,-1.6584706071917152,28.644346998290057,-10.20000000000002,1.578947368421053
1.62809111851764,-1.6584706071917152,28.644346998290057,-10.20000000000002,1.578947368421053,0.1061944244172074,0.00035777369184279164,1.6280991177618371,-1.6583284917983538,28.644346998290057,-10.18421052631581,1.578947368421053
1.6280991177618371,-1.6583284917983538,28.644346998290057,-10.18421052631581,1.578947368421053,0.13653568853640954,0.00045999473383754864,1.6281068321259087,-1.6581853958455384,28.644346998290057,-10.168421052631599,1.578947368421053
1.6281068321259087,-1.6581853958455384,28.644346998290057,-10.168421052631599,1.578947368421053,0.16687695265561164,0.0005622157662192056,1.6281142596866465,-1.658041355007419,28.644346998290057,-10.152631578947389,1.578947368421053
1.6281142596866465,-1.658041355007419,28.644346998290057,-10.152631578947389,1.578947368421053,0.19721821677481371,0.0006644367868515209,1.6281213985923426,-1.657896405193708,28.644346998290057,-10.13684210526318,1.578947368421053
1.6281213985923426,-1.657896405193708,28.644346998290057,-10.13684210526318,1.578947368421053,0.22755948089401587,0.000766657793598254,1.6281282470632512,-1.657750582540727,28.644346998290057,-10.12105263157897,1.578947368421053
1.6281282470632512,-1.657750582540727,28.644346998290057,-10.12105263157897,1.578947368421053,0.25790074501321797,0.0008688787843231663,1.628134803392033,-1.6576039234023994,28.644346998290057,-10.105263157894758,1.578947368421053
1.628134803392033,-1.6576039234023994,28.644346998290057,-10.105263157894758,1.578947368421053,0.2882420091324201,0.0009710997568900206,1.62814106594418,-1.657456464341185,28.644346998290057,-10.078947368421074,2.6315789473684212
1.62814106594418,-1.657456464341185,28.644346998290057,-10.078947368421074,2.6315789473684212,-0.2882420091324201,-0.0009710997568900206,1.6281468354354607,-1.6573077538625667,28.644346998290057,-10.05263157894739,2.6315789473684212
1.6281468354354607,-1.6573077538625667,28.644346998290057,-10.05263157894739,2.6315789473684212,-0.25790074501321797,-0.0008688787843231661,1.628152107870613,-1.6571578949456964,28.644346998290057,-10.026315789473704,2.6315789473684212
1.628152107870613,-1.6571578949456964,28.644346998290057,-10.026315789473704,2.6315789473684212,-0.2275594808940159,-0.000766657793598254,1.6281568795985768,-1.6570069913649994,28.644346998290057,-10.000000000000021,2.6315789473684212
1.6281568795985768,-1.6570069913649994,28.644346998290057,-10.000000000000021,2.6315789473684212,-0.19721821677481374,-0.0006644367868515208,1.6281611473150226,-1.6568551476183089,28.644346998290057,-9.973684210526336,2.6315789473684212
1.6281611473150226,-1.6568551476183089,28.644346998290057,-9.973684210526336,2.6315789473684212,-0.16687695265561164,-0.0005622157662192056,1.6281649080646377,-1.6567024688545062,28.644346998290057,-9.947368421052651,2.6315789473684212
1.6281649080646377,-1.6567024688545062,28.644346998290057,-9.947368421052651,2.6315789473684212,-0.13653568853640954,-0.00045999473383754854,1.6281681592431756,-1.6565490608007054,28.644346998290057,-9.921052631578968,2.6315789473684212
1.6281681592431756,-1.6565490608007054,28.644346998290057,-9.921052631578968,2.6315789473684212,-0.1061944244172074,-0.0003577736918427917,1.6281708985992576,-1.65639502968904,28.644346998290057,-9.894736842105283,2.6315789473684212
1.6281708985992576,-1.65639502968904,28.644346998290057,-9.894736842105283,2.6315789473684212,-0.07585316029800529,-0.00025555264237117815,1.6281731242359323,-1.6562404821830992,28.644346998290057,-9.868421052631598,2.6315789473684212
1.6281731242359323,-1.6562404821830992,28.644346998290057,-9.868421052631598,2.6315789473684212,-0.045511896178803184,-0.00015333158755895205,1.6281748346119886,-1.6560855253040652,28.644346998290057,-9.842105263157915,2.6315789473684212
1.6281748346119886,-1.6560855253040652,28.644346998290057,-9.842105263157915,2.6315789473684212,-0.015170632059601064,-5.111052954235819e-05,1.6281760285430242,-1.6559302663566033,28.644346998290057,-9.81578947368423,2.6315789473684212
1.6281760285430242,-1.6559302663566033,28.644346998290057,-9.81578947368423,2.6315789473684212,0.01517063205960103,5.111052954235819e-05,1.6281767052022647,-1.6557748128545555,28.644346998290057,-9.789473684210545,2.6315789473684212
1.6281767052022647,-1.6557748128545555,28.644346998290057,-9.789473684210545,2.6315789473684212,0.04551189617880315,0.00015333158755895205,1.6281768641211365,-1.6556192724464887,28.644346998290057,-9.763157894736862,2.6315789473684212
1.6281768641211365,-1.6556192724464887,28.644346998290057,-9.763157894736862,2.6315789473684212,0.07585316029800529,0.00025555264237117815,1.6281765051895916,-1.655463752841151,28.644346998290057,-9.736842105263177,2.6315789473684212
1.6281765051895916,-1.655463752841151,28.644346998290057,-9.736842105263177,2.6315789473684212,0.1061944244172074,0.00035777369184279164,1.628175628656183,-1.655308361732885,28.644346998290057,-9.710526315789492,2.6315789473684212
1.628175628656183,-1.655308361732885,28.644346998290057,-9.710526315789492,2.6315789473684212,0.13653568853640954,0.00045999473383754864,1.6281742351278932,-1.6551532067270514,28.644346998290057,-9.684210526315807,2.6315789473684212
1.6281742351278932,-1.6551532067270514,28.644346998290057,-9.684210526315807,2.6315789473684212,0.16687695265561164,0.0005622157662192056,1.6281723255697138,-1.654998395265514,28.644346998290057,-9.657894736842124,2.6315789473684212
1.6281723255697138,-1.654998395265514,28.644346998290057,-9.657894736842124,2.6315789473684212,0.19721821677481371,0.0006644367868515209,1.6281699013039774,-1.65484403455224,28.644346998290057,-9.631578947368439,2.6315789473684212
1.6281699013039774,-1.65484403455224,28.644346998290057,-9.631578947368439,2.6315789473684212,0.22755948089401587,0.000766657793598254,1.6281669640094412,-1.6546902314790606,28.644346998290057,-9.605263157894754,2.6315789473684212
1.6281669640094412,-1.6546902314790606,28.644346998290057,-9.605263157894754,2.6315789473684212,0.25790074501321797,0.0008688787843231663,1.6281635157201255,-1.6545370925516532,28.644346998290057,-9.57894736842107,2.6315789473684212
1.6281635157201255,-1.6545370925516532,28.644346998290057,-9.57894736842107,2.6315789473684212,0.2882420091324201,0.0009710997568900206,1.6281595588239044,-1.6543847238157863,28.644346998290057,-9.542105263157913,3.6842105263157894
1.6281595588239044,-1.6543847238157863,28.644346998290057,-9.542105263157913,3.6842105263157894,-0.2882420091324201,-0.0009710997568900206,1.6281548945598787,-1.6542336104755615,28.644346998290057,-9.505263157894754,3.6842105263157894
1.6281548945598787,-1.6542336104755615,28.644346998290057,-9.505263157894754,3.6842105263157894,-0.25790074501321797,-0.0008688787843231661,1.6281495292583277,-1.6540839576200697,28.644346998290057,-9.468421052631596,3.6842105263157894
1.6281495292583277,-1.6540839576200697,28.644346998290057,-9.468421052631596,3.6842105263157894,-0.2275594808940159,-0.000766657793598254,1.6281434702009698,-1.65393596835625,28.644346998290057,-9.431578947368436,3.6842105263157894
1.6281434702009698,-1.65393596835625,28.644346998290057,-9.431578947368436,3.6842105263157894,-0.19721821677481374,-0.0006644367868515208,1.6281367256110801,-1.6537898435332363,28.644346998290057,-9.394736842105278,3.6842105263157894
1.6281367256110801,-1.6537898435332363,28.644346998290057,-9.394736842105278,3.6842105263157894,-0.16687695265561164,-0.0005622157662192056,1.6281293046423297,-1.6536457814697676,28.644346998290057,-9.35789473684212,3.6842105263157894
1.6281293046423297,-1.6536457814697676,28.644346998290057,-9.35789473684212,3.6842105263157894,-0.13653568853640954,-0.00045999473383754854,1.6281212173663626,-1.6535039776850318,28.644346998290057,-9.321052631578961,3.6842105263157894
1.6281212173663626,-1.6535039776850318,28.644346998290057,-9.321052631578961,3.6842105263157894,-0.1061944244172074,-0.0003577736918427917,1.6281124747591258,-1.65336462463331,28.644346998290057,-9.284210526315803,3.6842105263157894
1.6281124747591258,-1.65336462463331,28.644346998290057,-9.284210526315803,3.6842105263157894,-0.07585316029800529,-0.00025555264237117815,1.628103088685974,-1.6532279114427795,28.644346998290057,-9.247368421052645,3.6842105263157894
1.628103088685974,-1.6532279114427795,28.644346998290057,-9.247368421052645,3.6842105263157894,-0.045511896178803184,-0.00015333158755895205,1.6280930718855657,-1.6530940236588323,28.644346998290057,-9.210526315789487,3.6842105263157894
1.6280930718855657,-1.6530940236588323,28.644346998290057,-9.210526315789487,3.6842105263157894,-0.015170632059601064,-5.111052954235819e-05,1.628082437952574,-1.6529631429922542,28.644346998290057,-9.173684210526329,3.6842105263157894
1.628082437952574,-1.6529631429922542,28.644346998290057,-9.173684210526329,3.6842105263157894,0.01517063205960103,5.111052954235819e-05,1.6280712013192367,-1.65283544707261,28.644346998290057,-9.13684210526317,3.6842105263157894
1.6280712013192367,-1.65283544707261,28.644346998290057,-9.13684210526317,3.6842105263157894,0.04551189617880315,0.00015333158755895205,1.6280593772357685,-1.6527111092071674,28.644346998290057,-9.100000000000012,3.6842105263157894
1.6280593772357685,-1.6527111092071674,28.644346998290057,-9.100000000000012,3.6842105263157894,0.07585316029800529,0.00025555264237117815,1.6280469817496643,-1.6525902981456846,28.644346998290057,-9.063157894736854,3.6842105263157894
1.6280469817496643,-1.6525902981456846,28.644346998290057,-9.063157894736854,3.6842105263157894,0.1061944244172074,0.00035777369184279164,1.628034031683919,-1.652473177851388,28.644346998290057,-9.026315789473696,3.6842105263157894
1.628034031683919,-1.652473177851388,28.644346998290057,-9.026315789473696,3.6842105263157894,0.13653568853640954,0.00045999473383754864,1.6280205446141962,-1.6523599072784412,28.644346998290057,-8.989473684210536,3.6842105263157894
1.6280205446141962,-1.6523599072784412,28.644346998290057,-8.989473684210536,3.6842105263157894,0.16687695265561164,0.0005622157662192056,1.6280065388449738,-1.6522506401562151,28.644346998290057,-8.952631578947377,3.6842105263157894
1.6280065388449738,-1.6522506401562151,28.644346998290057,-8.952631578947377,3.6842105263157894,0.19721821677481371,0.0006644367868515209,1.6279920333847029,-1.6521455247806498,28.644346998290057,-8.91578947368422,3.6842105263157894
1.6279920333847029,-1.6521455247806498,28.644346998290057,-8.91578947368422,3.6842105263157894,0.22755948089401587,0.000766657793598254,1.6279770479200084,-1.6520447038129864,28.644346998290057,-8.878947368421061,3.6842105263157894
1.6279770479200084,-1.6520447038129864,28.644346998290057,-8.878947368421061,3.6842105263157894,0.25790074501321797,0.0008688787843231663,1.6279616027889712,-1.6519483140861513,28.644346998290057,-8.842105263157903,3.6842105263157894
1.6279616027889712,-1.6519483140861513,28.644346998290057,-8.842105263157903,3.6842105263157894,0.2882420091324201,0.0009710997568900206,1.627945718953525,-1.6518564864190481,28.644346998290057,-8.794736842105271,4.7368421052631575
1.627945718953525,-1.6518564864190481,28.644346998290057,-8.794736842105271,4.7368421052631575,-0.2882420091324201,-0.0009710997568900206,1.627929302825613,-1.6517707064971499,28.644346998290057,-8.74736842105264,4.7368421052631575
1.627929302825613,-1.6517707064971499,28.644346998290057,-8.74736842105264,4.7368421052631575,-0.25790074501321797,-0.0008688787843231661,1.6279123912323201,-1.6516911667546563,28.644346998290057,-8.70000000000001,4.7368421052631575
1.6279123912323201,-1.6516911667546563,28.644346998290057,-8.70000000000001,4.7368421052631575,-0.2275594808940159,-0.000766657793598254,1.6278950221122321,-1.6516180456268734,28.644346998290057,-8.652631578947378,4.7368421052631575
1.6278950221122321,-1.6516180456268734,28.644346998290057,-8.652631578947378,4.7368421052631575,-0.19721821677481374,-0.0006644367868515208,1.627877234430326,-1.6515515071499234,28.644346998290057,-8.605263157894747,4.7368421052631575
1.627877234430326,-1.6515515071499234,28.644346998290057,-8.605263157894747,4.7368421052631575,-0.16687695265561164,-0.0005622157662192056,1.6278590680905594,-1.6514917005927519,28.644346998290057,-8.557894736842115,4.7368421052631575
1.6278590680905594,-1.6514917005927519,28.644346998290057,-8.557894736842115,4.7368421052631575,-0.13653568853640954,-0.00045999473383754854,1.6278405638463498,-1.6514387601222675,28.644346998290057,-8.510526315789484,4.7368421052631575
1.6278405638463498,-1.6514387601222675,28.644346998290057,-8.510526315789484,4.7368421052631575,-0.1061944244172074,-0.0003577736918427917,1.6278217632091538,-1.651392804502359,28.644346998290057,-8.463157894736852,4.7368421052631575
1.6278217632091538,-1.651392804502359,28.644346998290057,-8.463157894736852,4.7368421052631575,-0.07585316029800529,-0.00025555264237117815,1.6278027083553388,-1.6513539368274643,28.644346998290057,-8.415789473684223,4.7368421052631575
1.6278027083553388,-1.6513539368274643,28.644346998290057,-8.415789473684223,4.7368421052631575,-0.045511896178803184,-0.00015333158755895205,1.62778344203157,-1.6513222442912976,28.644346998290057,-8.368421052631591,4.7368421052631575
1.62778344203157,-1.6513222442912976,28.644346998290057,-8.368421052631591,4.7368421052631575,-0.015170632059601064,-5.111052954235819e-05,1.6277640074589117,-1.6512977979912395,28.644346998290057,-8.32105263157896,4.7368421052631575
1.6277640074589117,-1.6512977979912395,28.644346998290057,-8.32105263157896,4.7368421052631575,0.01517063205960103,5.111052954235819e-05,1.6277444482358705,-1.651280652768844,28.644346998290057,-8.273684210526328,4.7368421052631575
1.6277444482358705,-1.651280652768844,28.644346998290057,-8.273684210526328,4.7368421052631575,0.04551189617880315,0.00015333158755895205,1.627724808240586,-1.6512708470868078,28.644346998290057,-8.226315789473697,4.7368421052631575
1.627724808240586,-1.6512708470868078,28.644346998290057,-8.226315789473697,4.7368421052631575,0.07585316029800529,0.00025555264237117815,1.6277051315323987,-1.6512684029426863,28.644346998290057,-8.178947368421065,4.7368421052631575
1.6277051315323987,-1.6512684029426863,28.644346998290057,-8.178947368421065,4.7368421052631575,0.1061944244172074,0.00035777369184279164,1.6276854622530086,-1.651273325819545,28.644346998290057,-8.131578947368435,4.7368421052631575
1.6276854622530086,-1.651273325819545,28.644346998290057,-8.131578947368435,4.7368421052631575,0.13653568853640954,0.00045999473383754864,1.6276658445274503,-1.6512856046736586,28.644346998290057,-8.084210526315804,4.7368421052631575
1.6276658445274503,-1.6512856046736586,28.644346998290057,-8.084210526315804,4.7368421052631575,0.16687695265561164,0.0005622157662192056,1.6276463223651054,-1.651305211959287,28.644346998290057,-8.036842105263172,4.7368421052631575
1.6276463223651054,-1.651305211959287,28.644346998290057,-8.036842105263172,4.7368421052631575,0.19721821677481371,0.0006644367868515209,1.6276269395609742,-1.6513321036904687,28.644346998290057,-7.989473684210541,4.7368421052631575
1.6276269395609742,-1.6513321036904687,28.644346998290057,-7.989473684210541,4.7368421052631575,0.22755948089401587,0.000766657793598254,1.6276077395974273,-1.651366219539698,28.644346998290057,-7.942105263157909,4.7368421052631575
1.6276077395974273,-1.651366219539698,28.644346998290057,-7.942105263157909,4.7368421052631575,0.25790074501321797,0.0008688787843231663,1.6275887655466612,-1.6514074829732592,28.644346998290057,-7.894736842105279,4.7368421052631575
1.6275887655466612,-1.6514074829732592,28.644346998290057,-7.894736842105279,4.7368421052631575,0.2882420091324201,0.0009710997568900206,1.6275700599740708,-1.6514558014229195,28.644346998290057,-7.836842105263173,5.789473684210526
1.6275700599740708,-1.6514558014229195,28.644346998290057,-7.836842105263173,5.789473684210526,-0.2882420091324201,-0.0009710997568900206,1.6275517394601713,-1.651512593893997,28.644346998290057,-7.778947368421068,5.789473684210526
1.6275517394601713,-1.651512593893997,28.644346998290057,-7.778947368421068,5.789473684210526,-0.25790074501321797,-0.0008688787843231661,1.6275338653945217,-1.6515776700826195,28.644346998290057,-7.721052631578963,5.789473684210526
1.6275338653945217,-1.6515776700826195,28.644346998290057,-7.721052631578963,5.789473684210526,-0.2275594808940159,-0.000766657793598254,1.627516497670693,-1.6516508119273006,28.644346998290057,-7.663157894736858,5.789473684210526
1.627516497670693,-1.6516508119273006,28.644346998290057,-7.663157894736858,5.789473684210526,-0.19721821677481374,-0.0006644367868515208,1.6274996944855735,-1.6517317743396338,28.644346998290057,-7.605263157894752,5.789473684210526
1.6274996944855735,-1.6517317743396338,28.644346998290057,-7.605263157894752,5.789473684210526,-0.16687695265561164,-0.0005622157662192056,1.6274835121443585,-1.6518202860255495,28.644346998290057,-7.5473684210526475,5.789473684210526
1.6274835121443585,-1.6518202860255495,28.644346998290057,-7.5473684210526475,5.789473684210526,-0.13653568853640954,-0.00045999473383754854,1.6274680048718801,-1.651916050394387,28.644346998290057,-7.489473684210542,5.789473684210526
1.6274680048718801,-1.651916050394387,28.644346998290057,-7.489473684210542,5.789473684210526,-0.1061944244172074,-0.0003577736918427917,1.6274532246309066,-1.6520187465527274,28.644346998290057,-7.431578947368437,5.789473684210526
1.6274532246309066,-1.6520187465527274,28.644346998290057,-7.431578947368437,5.789473684210526,-0.07585316029800529,-0.00025555264237117815,1.627439220948021,-1.6521280303796653,28.644346998290057,-7.373684210526331,5.789473684210526
1.627439220948021,-1.6521280303796653,28.644346998290057,-7.373684210526331,5.789473684210526,-0.045511896178803184,-0.00015333158755895205,1.627426040747667,-1.6522435356799106,28.644346998290057,-7.315789473684227,5.789473684210526
1.627426040747667,-1.6522435356799106,28.644346998290057,-7.315789473684227,5.789473684210526,-0.015170632059601064,-5.111052954235819e-05,1.6274137281949095,-1.6523648754108597,28.644346998290057,-7.257894736842121,5.789473684210526
1.6274137281949095,-1.6523648754108597,28.644346998290057,-7.257894736842121,5.789473684210526,0.01517063205960103,5.111052954235819e-05,1.6274023245474436,-1.652491642979522,28.644346998290057,-7.200000000000016,5.789473684210526
1.6274023245474436,-1.652491642979522,28.644346998290057,-7.200000000000016,5.789473684210526,0.04551189617880315,0.00015333158755895205,1.6273918680173458,-1.6526234136049593,28.644346998290057,-7.1421052631579105,5.789473684210526
1.6273918680173458,-1.6526234136049593,28.644346998290057,-7.1421052631579105,5.789473684210526,0.07585316029800529,0.00025555264237117815,1.6273823936430314,-1.6527597457416678,28.644346998290057,-7.084210526315806,5.789473684210526
1.6273823936430314,-1.6527597457416678,28.644346998290057,-7.084210526315806,5.789473684210526,0.1061944244172074,0.00035777369184279164,1.6273739331718442,-1.6529001825591378,28.644346998290057,-7.0263157894737,5.789473684210526
1.6273739331718442,-1.6529001825591378,28.644346998290057,-7.0263157894737,5.789473684210526,0.13653568853640954,0.00045999473383754864,1.6273665149536765,-1.6530442534726315,28.644346998290057,-6.968421052631595,5.789473684210526
1.6273665149536765,-1.6530442534726315,28.644346998290057,-6.968421052631595,5.789473684210526,0.16687695265561164,0.0005622157662192056,1.6273601638459716,-1.6531914757200468,28.644346998290057,-6.91052631578949,5.789473684210526
1.6273601638459716,-1.6531914757200468,28.644346998290057,-6.91052631578949,5.789473684210526,0.19721821677481371,0.0006644367868515209,1.6273549011304307,-1.6533413559795893,28.644346998290057,-6.852631578947385,5.789473684210526
1.6273549011304307,-1.6533413559795893,28.644346998290057,-6.852631578947385,5.789473684210526,0.22755948089401587,0.000766657793598254,1.6273507444417,-1.653493392022827,28.644346998290057,-6.79473684210528,5.789473684210526
1.6273507444417,-1.653493392022827,28.644346998290057,-6.79473684210528,5.789473684210526,0.25790074501321797,0.0008688787843231663,1.6273477077082799,-1.6536470743975875,28.644346998290057,-6.736842105263174,5.789473684210526
1.6273477077082799,-1.6536470743975875,28.644346998290057,-6.736842105263174,5.789473684210526,0.2882420091324201,0.0009710997568900206,1.627345801105853,-1.6538018881350658,28.644346998290057,-6.6684210526315955,6.842105263157894
1.627345801105853,-1.6538018881350658,28.644346998290057,-6.6684210526315955,6.842105263157894,-0.2882420091324201,-0.0009710997568900206,1.62734523805218,-1.6539573699349586,28.644346998290057,-6.600000000000016,6.842105263157894
1.62734523805218,-1.6539573699349586,28.644346998290057,-6.600000000000016,6.842105263157894,-0.25790074501321797,-0.0008688787843231661,1.6273460211821353,-1.654112792202396,28.644346998290057,-6.531578947368437,6.842105263157894
1.6273460211821353,-1.654112792202396,28.644346998290057,-6.531578947368437,6.842105263157894,-0.2275594808940159,-0.000766657793598254,1.6273481468309725,-1.6542674276210958,28.644346998290057,-6.463157894736858,6.842105263157894
1.6273481468309725,-1.6542674276210958,28.644346998290057,-6.463157894736858,6.842105263157894,-0.19721821677481374,-0.0006644367868515208,1.627351605051475,-1.6544205525569258,28.644346998290057,-6.394736842105279,6.842105263157894
1.627351605051475,-1.6544205525569258,28.644346998290057,-6.394736842105279,6.842105263157894,-0.16687695265561164,-0.0005622157662192056,1.627356379660504,-1.6545714504442302,28.644346998290057,-6.326315789473699,6.842105263157894
1.627356379660504,-1.6545714504442302,28.644346998290057,-6.326315789473699,6.842105263157894,-0.13653568853640954,-0.00045999473383754854,1.6273624483147304,-1.654719415139082,28.644346998290057,-6.25789473684212,6.842105263157894
1.6273624483147304,-1.654719415139082,28.644346998290057,-6.25789473684212,6.842105263157894,-0.1061944244172074,-0.0003577736918427917,1.6273697826151927,-1.6548637542237643,28.644346998290057,-6.189473684210541,6.842105263157894
1.6273697826151927,-1.6548637542237643,28.644346998290057,-6.189473684210541,6.842105263157894,-0.07585316029800529,-0.00025555264237117815,1.6273783482401925,-1.6550037922470167,28.644346998290057,-6.121052631578962,6.842105263157894
1.6273783482401925,-1.6550037922470167,28.644346998290057,-6.121052631578962,6.842105263157894,-0.045511896178803184,-0.00015333158755895205,1.6273881051059078,-1.6551388738848887,28.644346998290057,-6.052631578947382,6.842105263157894
1.6273881051059078,-1.6551388738848887,28.644346998290057,-6.052631578947382,6.842105263157894,-0.015170632059601064,-5.111052954235819e-05,1.6273990075539693,-1.655268367007402,28.644346998290057,-5.984210526315803,6.842105263157894
1.6273990075539693,-1.655268367007402,28.644346998290057,-5.984210526315803,6.842105263157894,0.01517063205960103,5.111052954235819e-05,1.627411004565124,-1.6553916656366752,28.644346998290057,-5.9157894736842245,6.842105263157894
1.627411004565124,-1.6553916656366752,28.644346998290057,-5.9157894736842245,6.842105263157894,0.04551189617880315,0.00015333158755895205,1.6274240399979853,-1.6555081927826663,28.644346998290057,-5.847368421052645,6.842105263157894
1.6274240399979853,-1.6555081927826663,28.644346998290057,-5.847368421052645,6.842105263157894,0.07585316029800529,0.00025555264237117815,1.6274380528517547,-1.6556174031432649,28.644346998290057,-5.778947368421066,6.842105263157894
1.6274380528517547,-1.6556174031432649,28.644346998290057,-5.778947368421066,6.842105263157894,0.1061944244172074,0.00035777369184279164,1.6274529775516786,-1.6557187856560942,28.644346998290057,-5.710526315789487,6.842105263157894
1.6274529775516786,-1.6557187856560942,28.644346998290057,-5.710526315789487,6.842105263157894,0.13653568853640954,0.00045999473383754864,1.6274687442559177,-1.6558118658900867,28.644346998290057,-5.642105263157908,6.842105263157894
1.6274687442559177,-1.6558118658900867,28.644346998290057,-5.642105263157908,6.842105263157894,0.16687695265561164,0.0005622157662192056,1.6274852791823744,-1.655896208265639,28.644346998290057,-5.573684210526328,6.842105263157894
1.6274852791823744,-1.655896208265639,28.644346998290057,-5.573684210526328,6.842105263157894,0.19721821677481371,0.0006644367868515209,1.6275025049539698,-1.655971418092955,28.644346998290057,-5.505263157894749,6.842105263157894
1.6275025049539698,-1.655971418092955,28.644346998290057,-5.505263157894749,6.842105263157894,0.22755948089401587,0.000766657793598254,1.627520340960734,-1.6560371434190442,28.644346998290057,-5.43684210526317,6.842105263157894
1.627520340960734,-1.6560371434190442,28.644346998290057,-5.43684210526317,6.842105263157894,0.25790074501321797,0.0008688787843231663,1.6275387037370337,-1.6560930766747233,28.644346998290057,-5.36842105263159,6.842105263157894
1.6275387037370337,-1.6560930766747233,28.644346998290057,-5.36842105263159,6.842105263157894,0.2882420091324201,0.0009710997568900206,1.6275575073521558,-1.6561389561139233,28.644346998290057,-5.289473684210537,7.894736842105264
1.6275575073521558,-1.6561389561139233,28.644346998290057,-5.289473684210537,7.894736842105264,-0.2882420091324201,-0.0009710997568900206,1.6275767101753733,-1.6561729712614779,28.644346998290057,-5.210526315789484,7.894736842105264
1.6275767101753733,-1.6561729712614779,28.644346998290057,-5.210526315789484,7.894736842105264,-0.25790074501321797,-0.0008688787843231661,1.6275961925836504,-1.6561949102217097,28.644346998290057,-5.131578947368431,7.894736842105264
1.6275961925836504,-1.6561949102217097,28.644346998290057,-5.131578947368431,7.894736842105264,-0.2275594808940159,-0.000766657793598254,1.62761583321229,-1.6562046363269538,28.644346998290057,-5.052631578947379,7.894736842105264
1.62761583321229,-1.6562046363269538,28.644346998290057,-5.052631578947379,7.894736842105264,-0.19721821677481374,-0.0006644367868515208,1.6276355097109696,-1.6562020889889193,28.644346998290057,-4.973684210526326,7.894736842105264
1.6276355097109696,-1.6562020889889193,28.644346998290057,-4.973684210526326,7.894736842105264,-0.16687695265561164,-0.0005622157662192056,1.6276550995059147,-1.656187284076122,28.644346998290057,-4.8947368421052735,7.894736842105264
1.6276550995059147,-1.656187284076122,28.644346998290057,-4.8947368421052735,7.894736842105264,-0.13653568853640954,-0.00045999473383754854,1.6276744805634689,-1.6561603138150327,28.644346998290057,-4.81578947368422,7.894736842105264
1.6276744805634689,-1.6561603138150327,28.644346998290057,-4.81578947368422,7.894736842105264,-0.1061944244172074,-0.0003577736918427917,1.6276935321502939,-1.6561213462155568,28.644346998290057,-4.736842105263168,7.894736842105264
1.6276935321502939,-1.6561213462155568,28.644346998290057,-4.736842105263168,7.894736842105264,-0.07585316029800529,-0.00025555264237117815,1.627712135585474,-1.6560706240244243,28.644346998290057,-4.657894736842116,7.894736842105264
1.627712135585474,-1.6560706240244243,28.644346998290057,-4.657894736842116,7.894736842105264,-0.045511896178803184,-0.00015333158755895205,1.627730174979831,-1.656008463213012,28.644346998290057,-4.578947368421063,7.894736842105264
1.627730174979831,-1.656008463213012,28.644346998290057,-4.578947368421063,7.894736842105264,-0.015170632059601064,-5.111052954235819e-05,1.627747537957852,-1.6559352510090146,28.644346998290057,-4.500000000000011,7.894736842105264
1.627747537957852,-1.6559352510090146,28.644346998290057,-4.500000000000011,7.894736842105264,0.01517063205960103,5.111052954235819e-05,1.6277641163577254,-1.6558514434842297,28.644346998290057,-4.421052631578958,7.894736842105264
1.6277641163577254,-1.6558514434842297,28.644346998290057,-4.421052631578958,7.894736842105264,0.04551189617880315,0.00015333158755895205,1.627779806905131,-1.6557575627134806,28.644346998290057,-4.342105263157905,7.894736842105264
1.627779806905131,-1.6557575627134806,28.644346998290057,-4.342105263157905,7.894736842105264,0.07585316029800529,0.00025555264237117815,1.6277945118565804,-1.6556541935223774,28.644346998290057,-4.263157894736852,7.894736842105264
1.6277945118565804,-1.6556541935223774,28.644346998290057,-4.263157894736852,7.894736842105264,0.1061944244172074,0.00035777369184279164,1.6278081396083077,-1.6555419798441742,28.644346998290057,-4.1842105263158,7.894736842105264
1.6278081396083077,-1.6555419798441742,28.644346998290057,-4.1842105263158,7.894736842105264,0.13653568853640954,0.00045999473383754864,1.6278206052669084,-1.65542162070842,28.644346998290057,-4.105263157894747,7.894736842105264
1.6278206052669084,-1.65542162070842,28.644346998290057,-4.105263157894747,7.894736842105264,0.16687695265561164,0.0005622157662192056,1.62783183117818,-1.6552938658863874,28.644346998290057,-4.026315789473695,7.894736842105264
1.62783183117818,-1.6552938658863874,28.644346998290057,-4.026315789473695,7.894736842105264,0.19721821677481371,0.0006644367868515209,1.6278417474108646,-1.655159511220411,28.644346998290057,-3.947368421052642,7.894736842105264
1.6278417474108646,-1.655159511220411,28.644346998290057,-3.947368421052642,7.894736842105264,0.22755948089401587,0.000766657793598254,1.6278502921922817,-1.655019393666225,28.644346998290057,-3.8684210526315894,7.894736842105264
1.6278502921922817,-1.655019393666225,28.644346998290057,-3.8684210526315894,7.894736842105264,0.25790074501321797,0.0008688787843231663,1.6278574122931389,-1.6548743860791917,28.644346998290057,-3.7894736842105368,7.894736842105264
1.6278574122931389,-1.6548743860791917,28.644346998290057,-3.7894736842105368,7.894736842105264,0.2882420091324201,0.0009710997568900206,1.6278630633591207,-1.6547253917768896,28.644346998290057,-3.7000000000000104,8.94736842105263
1.6278630633591207,-1.6547253917768896,28.644346998290057,-3.7000000000000104,8.94736842105263,-0.2882420091324201,-0.0009710997568900206,1.6278670074636883,-1.6545730023226302,28.644346998290057,-3.6105263157894845,8.94736842105263
1.6278670074636883,-1.6545730023226302,28.644346998290057,-3.6105263157894845,8.94736842105263,-0.25790074501321797,-0.0008688787843231661,1.6278692130532129,-1.6544184368626573,28.644346998290057,-3.521052631578958,8.94736842105263
1.6278692130532129,-1.6544184368626573,28.644346998290057,-3.521052631578958,8.94736842105263,-0.2275594808940159,-0.000766657793598254,1.627869662482535,-1.6542629319516984,28.644346998290057,-3.431578947368432,8.94736842105263
1.627869662482535,-1.6542629319516984,28.644346998290057,-3.431578947368432,8.94736842105263,-0.19721821677481374,-0.0006644367868515208,1.6278683521561301,-1.654107731660277,28.644346998290057,-3.3421052631579062,8.94736842105263
1.6278683521561301,-1.654107731660277,28.644346998290057,-3.3421052631579062,8.94736842105263,-0.16687695265561164,-0.0005622157662192056,1.6278652925568726,-1.6539540776218993,28.644346998290057,-3.2526315789473803,8.94736842105263
1.6278652925568726,-1.6539540776218993,28.644346998290057,-3.2526315789473803,8.94736842105263,-0.13653568853640954,-0.00045999473383754854,1.6278605081621709,-1.6538031990997366,28.644346998290057,-3.1631578947368544,8.94736842105263
1.6278605081621709,-1.6538031990997366,28.644346998290057,-3.1631578947368544,8.94736842105263,-0.1061944244172074,-0.0003577736918427917,1.627854037248144,-1.653656303152273,28.644346998290057,-3.073684210526328,8.94736842105263
1.627854037248144,-1.653656303152273,28.644346998290057,-3.073684210526328,8.94736842105263,-0.07585316029800529,-0.00025555264237117815,1.6278459315834035,-1.6535145649765948,28.644346998290057,-2.984210526315802,8.94736842105263
1.6278459315834035,-1.6535145649765948,28.644346998290057,-2.984210526315802,8.94736842105263,-0.045511896178803184,-0.00015333158755895205,1.6278362560148958,-1.6533791185065783,28.644346998290057,-2.894736842105276,8.94736842105263
1.6278362560148958,-1.6533791185065783,28.644346998290057,-2.894736842105276,8.94736842105263,-0.015170632059601064,-5.111052954235819e-05,1.6278250879491123,-1.6532510473411905,28.644346998290057,-2.8052631578947502,8.94736842105263
1.6278250879491123,-1.6532510473411905,28.644346998290057,-2.8052631578947502,8.94736842105263,0.01517063205960103,5.111052954235819e-05,1.6278125167328226,-1.65313137607548,28.644346998290057,-2.7157894736842243,8.94736842105263
1.6278125167328226,-1.65313137607548,28.644346998290057,-2.7157894736842243,8.94736842105263,0.04551189617880315,0.00015333158755895205,1.6277986429382825,-1.6530210621036106,28.644346998290057,-2.626315789473698,8.94736842105263
1.6277986429382825,-1.6530210621036106,28.644346998290057,-2.626315789473698,8.94736842105263,0.07585316029800529,0.00025555264237117815,1.6277835775586347,-1.652920987959516,28.644346998290057,-2.536842105263172,8.94736842105263
1.6277835775586347,-1.652920987959516,28.644346998290057,-2.536842105263172,8.94736842105263,0.1061944244172074,0.00035777369184279164,1.6277674411199428,-1.65283195425645,28.644346998290057,-2.4473684210526456,8.94736842105263
1.6277674411199428,-1.65283195425645,28.644346998290057,-2.4473684210526456,8.94736842105263,0.13653568853640954,0.00045999473383754864,1.6277503627169574,-1.6527546732819223,28.644346998290057,-2.3578947368421193,8.94736842105263
1.6277503627169574,-1.6527546732819223,28.644346998290057,-2.3578947368421193,8.94736842105263,0.16687695265561164,0.0005622157662192056,1.627732478980333,-1.6526897632992514,28.644346998290057,-2.268421052631593,8.94736842105263
1.627732478980333,-1.6526897632992514,28.644346998290057,-2.268421052631593,8.94736842105263,0.19721821677481371,0.0006644367868515209,1.627713932983555,-1.652637743601338,28.644346998290057,-2.1789473684210665,8.94736842105263
1.627713932983555,-1.652637743601338,28.644346998290057,-2.1789473684210665,8.94736842105263,0.22755948089401587,0.000766657793598254,1.627694873098323,-1.6525990303562135,28.644346998290057,-2.08947368421054,8.94736842105263
1.627694873098323,-1.6525990303562135,28.644346998290057,-2.08947368421054,8.94736842105263,0.25790074501321797,0.0008688787843231663,1.6276754518075471,-1.6525739332776161,28.644346998290057,-2.0000000000000138,8.94736842105263
1.6276754518075471,-1.6525739332776161,28.644346998290057,-2.0000000000000138,8.94736842105263,0.2882420091324201,0.0009710997568900206,1.6276558244854544,-1.6525626531472153,28.644346998290057,-1.900000000000014,10.0
1.6276558244854544,-1.6525626531472153,28.644346998290057,-1.900000000000014,10.0,-0.2882420091324201,-0.0009710997568900206,1.6276361527431995,-1.652566917119848,28.644346998290057,-1.800000000000014,10.0
1.6276361527431995,-1.652566917119848,28.644346998290057,-1.800000000000014,10.0,-0.25790074501321797,-0.0008688787843231661,1.6276166331343276,-1.6525866825913096,28.644346998290057,-1.700000000000014,10.0
1.6276166331343276,-1.6525866825913096,28.644346998290057,-1.700000000000014,10.0,-0.2275594808940159,-0.000766657793598254,1.6275974606923183,-1.6526217520715425,28.644346998290057,-1.6000000000000139,10.0
1.6275974606923183,-1.6526217520715425,28.644346998290057,-1.6000000000000139,10.0,-0.19721821677481374,-0.0006644367868515208,1.627578826981875,-1.652671775157893,28.644346998290057,-1.500000000000014,10.0
1.627578826981875,-1.652671775157893,28.644346998290057,-1.500000000000014,10.0,-0.16687695265561164,-0.0005622157662192056,1.6275609181848723,-1.6527362520362174,28.644346998290057,-1.400000000000014,10.0
1.6275609181848723,-1.6527362520362174,28.644346998290057,-1.400000000000014,10.0,-0.13653568853640954,-0.00045999473383754854,1.6275439132400906,-1.6528145384748612,28.644346998290057,-1.300000000000014,10.0
1.6275439132400906,-1.6528145384748612,28.644346998290057,-1.300000000000014,10.0,-0.1061944244172074,-0.0003577736918427917,1.6275279820553168,-1.6529058522616067,28.644346998290057,-1.200000000000014,10.0
1.6275279820553168,-1.6529058522616067,28.644346998290057,-1.200000000000014,10.0,-0.07585316029800529,-0.00025555264237117815,1.627513283809683,-1.6530092810192818,28.644346998290057,-1.1000000000000139,10.0
1.627513283809683,-1.6530092810192818,28.644346998290057,-1.1000000000000139,10.0,-0.045511896178803184,-0.00015333158755895205,1.6274999653632012,-1.6531237913219285,28.644346998290057,-1.000000000000014,10.0
1.6274999653632012,-1.6531237913219285,28.644346998290057,-1.000000000000014,10.0,-0.015170632059601064,-5.111052954235819e-05,1.627488159789386,-1.6532482390204546,28.644346998290057,-0.9000000000000139,10.0
1.627488159789386,-1.6532482390204546,28.644346998290057,-0.9000000000000139,10.0,0.01517063205960103,5.111052954235819e-05,1.6274779850456285,-1.653381380674594,28.644346998290057,-0.8000000000000139,10.0
1.6274779850456285,-1.653381380674594,28.644346998290057,-0.8000000000000139,10.0,0.04551189617880315,0.00015333158755895205,1.627469542794605,-1.6535218859769487,28.644346998290057,-0.7000000000000139,10.0
1.627469542794605,-1.6535218859769487,28.644346998290057,-0.7000000000000139,10.0,0.07585316029800529,0.00025555264237117815,1.6274629173884971,-1.653668351044983,28.644346998290057,-0.600000000000014,10.0
1.6274629173884971,-1.653668351044983,28.644346998290057,-0.600000000000014,10.0,0.1061944244172074,0.00035777369184279164,1.6274581750261725,-1.6538193124481513,28.644346998290057,-0.500000000000014,10.0
1.6274581750261725,-1.6538193124481513,28.644346998290057,-0.500000000000014,10.0,0.13653568853640954,0.00045999473383754864,1.6274553630917485,-1.6539732618300151,28.644346998290057,-0.40000000000001396,10.0
1.6274553630917485,-1.6539732618300151,28.644346998290057,-0.40000000000001396,10.0,0.16687695265561164,0.0005622157662192056,1.6274545096811435,-1.6541286609792392,28.644346998290057,-0.3000000000000139,10.0
1.6274545096811435,-1.6541286609792392,28.644346998290057,-0.3000000000000139,10.0,0.19721821677481371,0.0006644367868515209,1.6274556233213546,-1.654283957198893,28.644346998290057,-0.20000000000001394,10.0
1.6274556233213546,-1.654283957198893,28.644346998290057,-0.20000000000001394,10.0,0.22755948089401587,0.000766657793598254,1.6274586928852568,-1.6544375988204836,28.644346998290057,-0.10000000000001392,10.0
1.6274586928852568,-1.6544375988204836,28.644346998290057,-0.10000000000001392,10.0,0.25790074501321797,0.0008688787843231663,1.6274636877027826,-1.6545880507077153,28.644346998290057,-1.3926637620897963e-14,10.0
1.6274636877027826,-1.6545880507077153,28.644346998290057,-1.3926637620897963e-14,10.0,0.2882420091324201,0.0009710997568900206,1.627470557867366,-1.6547338095950637,25.708788930146973,-0.10000000000001392,-10.0
1.627470557867366,-1.6547338095950637,25.708788930146973,-0.10000000000001392,-10.0,-0.2882420091324201,-0.0009710997568900206,1.6274757692760504,-1.6548671990469968,25.708788930146973,-0.20000000000001394,-10.0
1.6274757692760504,-1.6548671990469968,25.708788930146973,-0.20000000000001394,-10.0,-0.25790074501321797,-0.0008688787843231661,1.6274792698581635,-1.6550040343845978,25.708788930146973,-0.3000000000000139,-10.0
1.6274792698581635,-1.6550040343845978,25.708788930146973,-0.3000000000000139,-10.0,-0.2275594808940159,-0.000766657793598254,1.6274810246370455,-1.6551429483944047,25.708788930146973,-0.40000000000001396,-10.0
1.6274810246370455,-1.6551429483944047,25.708788930146973,-0.40000000000001396,-10.0,-0.19721821677481374,-0.0006644367868515208,1.627481016079526,-1.6552825530935504,25.708788930146973,-0.500000000000014,-10.0
1.627481016079526,-1.6552825530935504,25.708788930146973,-0.500000000000014,-10.0,-0.16687695265561164,-0.0005622157662192056,1.6274792442711086,-1.6554214535980285,25.708788930146973,-0.600000000000014,-10.0
1.6274792442711086,-1.6554214535980285,25.708788930146973,-0.600000000000014,-10.0,-0.13653568853640954,-0.00045999473383754854,1.6274757269151177,-1.6555582620599125,25.708788930146973,-0.7000000000000139,-10.0
1.6274757269151177,-1.6555582620599125,25.708788930146973,-0.7000000000000139,-10.0,-0.1061944244172074,-0.0003577736918427917,1.6274704991558118,-1.6556916115342741,25.708788930146973,-0.8000000000000139,-10.0
1.6274704991558118,-1.6556916115342741,25.708788930146973,-0.8000000000000139,-10.0,-0.07585316029800529,-0.00025555264237117815,1.6274636132272333,-1.6558201696372452,25.708788930146973,-0.9000000000000139,-10.0
1.6274636132272333,-1.6558201696372452,25.708788930146973,-0.9000000000000139,-10.0,-0.045511896178803184,-0.00015333158755895205,1.6274551379313047,-1.6559426518587563,25.708788930146973,-1.000000000000014,-10.0
1.6274551379313047,-1.6559426518587563,25.708788930146973,-1.000000000000014,-10.0,-0.015170632059601064,-5.111052954235819e-05,1.6274451579503812,-1.6560578343969372,25.708788930146973,-1.1000000000000139,-10.0
1.6274451579503812,-1.6560578343969372,25.708788930146973,-1.1000000000000139,-10.0,0.01517063205960103,5.111052954235819e-05,1.6274337730011335,-1.656164566385941,25.708788930146973,-1.200000000000014,-10.0
1.6274337730011335,-1.656164566385941,25.708788930146973,-1.200000000000014,-10.0,0.04551189617880315,0.00015333158755895205,1.627421096838211,-1.6562617813950145,25.708788930146973,-1.300000000000014,-10.0
1.627421096838211,-1.6562617813950145,25.708788930146973,-1.300000000000014,-10.0,0.07585316029800529,0.00025555264237117815,1.6274072561176436,-1.6563485080839215,25.708788930146973,-1.400000000000014,-10.0
1.6274072561176436,-1.6563485080839215,25.708788930146973,-1.400000000000014,-10.0,0.1061944244172074,0.00035777369184279164,1.6273923891313355,-1.656423879908255,25.708788930146973,-1.500000000000014,-10.0
1.6273923891313355,-1.656423879908255,25.708788930146973,-1.500000000000014,-10.0,0.13653568853640954,0.00045999473383754864,1.6273766444253002,-1.6564871437776607,25.708788930146973,-1.6000000000000139,-10.0
1.6273766444253002,-1.6564871437776607,25.708788930146973,-1.6000000000000139,-10.0,0.16687695265561164,0.0005622157662192056,1.6273601793154353,-1.656537667580468,25.708788930146973,-1.700000000000014,-10.0
1.6273601793154353,-1.656537667580468,25.708788930146973,-1.700000000000014,-10.0,0.19721821677481371,0.0006644367868515209,1.6273431583156763,-1.6565749464995396,25.708788930146973,-1.800000000000014,-10.0
1.6273431583156763,-1.6565749464995396,25.708788930146973,-1.800000000000014,-10.0,0.22755948089401587,0.000766657793598254,1.6273257514942265,-1.6565986080562396,25.708788930146973,-1.900000000000014,-10.0
1.6273257514942265,-1.6565986080562396,25.708788930146973,-1.900000000000014,-10.0,0.25790074501321797,0.0008688787843231663,1.6273081327742918,-1.6566084158321144,25.708788930146973,-2.0000000000000138,-10.0
1.6273081327742918,-1.6566084158321144,25.708788930146973,-2.0000000000000138,-10.0,0.2882420091324201,0.0009710997568900206,1.6272904781962978,-1.65660427183111,25.708788930146973,-2.08947368421054,-8.947368421052632
1.6272904781962978,-1.65660427183111,25.708788930146973,-2.08947368421054,-8.947368421052632,-0.2882420091324201,-0.0009710997568900206,1.6272729410856523,-1.6565876756146956,25.708788930146973,-2.1789473684210665,-8.947368421052632
1.6272729410856523,-1.6565876756146956,25.708788930146973,-2.1789473684210665,-8.947368421052632,-0.25790074501321797,-0.0008688787843231661,1.6272556617427636,-1.6565587599559364,25.708788930146973,-2.268421052631593,-8.947368421052632
1.6272556617427636,-1.6565587599559364,25.708788930146973,-2.268421052631593,-8.947368421052632,-0.2275594808940159,-0.000766657793598254,1.6272387784058453,-1.656517756185911,25.708788930146973,-2.3578947368421193,-8.947368421052632
1.6272387784058453,-1.656517756185911,25.708788930146973,-2.3578947368421193,-8.947368421052632,-0.19721821677481374,-0.0006644367868515208,1.6272224261449844,-1.6564649923430157,25.708788930146973,-2.4473684210526456,-8.947368421052632
1.6272224261449844,-1.6564649923430157,25.708788930146973,-2.4473684210526456,-8.947368421052632,-0.16687695265561164,-0.0005622157662192056,1.6272067357815525,-1.6564008905485923,25.708788930146973,-2.536842105263172,-8.947368421052632
1.6272067357815525,-1.6564008905485923,25.708788930146973,-2.536842105263172,-8.947368421052632,-0.13653568853640954,-0.00045999473383754854,1.6271918328416084,-1.6563259636298722,25.708788930146973,-2.626315789473698,-8.947368421052632
1.6271918328416084,-1.6563259636298722,25.708788930146973,-2.626315789473698,-8.947368421052632,-0.1061944244172074,-0.0003577736918427917,1.6271778365516651,-1.6562408110172555,25.708788930146973,-2.7157894736842247,-8.947368421052632
1.6271778365516651,-1.6562408110172555,25.708788930146973,-2.7157894736842247,-8.947368421052632,-0.07585316029800529,-0.00025555264237117815,1.6271648588848544,-1.6561461139487479,25.708788930146973,-2.805263157894751,-8.947368421052632
1.6271648588848544,-1.6561461139487479,25.708788930146973,-2.805263157894751,-8.947368421052632,-0.045511896178803184,-0.00015333158755895205,1.6271530036651167,-1.6560426300199187,25.708788930146973,-2.894736842105278,-8.947368421052632
1.6271530036651167,-1.6560426300199187,25.708788930146973,-2.894736842105278,-8.947368421052632,-0.015170632059601064,-5.111052954235819e-05,1.6271423657365913,-1.6559311871229856,25.708788930146973,-2.9842105263158043,-8.947368421052632
1.6271423657365913,-1.6559311871229856,25.708788930146973,-2.9842105263158043,-8.947368421052632,0.01517063205960103,5.111052954235819e-05,1.627133030204844,-1.655812676823509,25.708788930146973,-3.073684210526331,-8.947368421052632
1.627133030204844,-1.655812676823509,25.708788930146973,-3.073684210526331,-8.947368421052632,0.04551189617880315,0.00015333158755895205,1.627125071756003,-1.6556880472276903,25.708788930146973,-3.1631578947368575,-8.947368421052632
1.627125071756003,-1.6556880472276903,25.708788930146973,-3.1631578947368575,-8.947368421052632,0.07585316029800529,0.00025555264237117815,1.6271185540592583,-1.6555582953973296,25.708788930146973,-3.2526315789473843,-8.947368421052632
1.6271185540592583,-1.6555582953973296,25.708788930146973,-3.2526315789473843,-8.947368421052632,0.1061944244172074,0.00035777369184279164,1.627113529257493,-1.655424459373133,25.708788930146973,-3.3421052631579107,-8.947368421052632
1.627113529257493,-1.655424459373133,25.708788930146973,-3.3421052631579107,-8.947368421052632,0.13653568853640954,0.00045999473383754864,1.6271100375501302,-1.6552876098701776,25.708788930146973,-3.4315789473684375,-8.947368421052632
1.6271100375501302,-1.6552876098701776,25.708788930146973,-3.4315789473684375,-8.947368421052632,0.16687695265561164,0.0005622157662192056,1.6271081068715303,-1.655148841711976,25.708788930146973,-3.521052631578964,-8.947368421052632
1.6271081068715303,-1.655148841711976,25.708788930146973,-3.521052631578964,-8.947368421052632,0.19721821677481371,0.0006644367868515209,1.6271077526675102,-1.6550092650716672,25.708788930146973,-3.6105263157894907,-8.947368421052632
1.6271077526675102,-1.6550092650716672,25.708788930146973,-3.6105263157894907,-8.947368421052632,0.22755948089401587,0.000766657793598254,1.6271089777717729,-1.654869996590411,25.708788930146973,-3.700000000000017,-8.947368421052632
1.6271089777717729,-1.654869996590411,25.708788930146973,-3.700000000000017,-8.947368421052632,0.25790074501321797,0.0008688787843231663,1.6271117723832382,-1.6547321504440315,25.708788930146973,-3.789473684210544,-8.947368421052632
1.6271117723832382,-1.6547321504440315,25.708788930146973,-3.789473684210544,-8.947368421052632,0.2882420091324201,0.0009710997568900206,1.6271161141444532,-1.6545968294293893,25.708788930146973,-3.8684210526315965,-7.894736842105264
1.6271161141444532,-1.6545968294293893,25.708788930146973,-3.8684210526315965,-7.894736842105264,-0.2882420091324201,-0.0009710997568900206,1.627121792589243,-1.6544646363754714,25.708788930146973,-3.9473684210526487,-7.894736842105264
1.627121792589243,-1.6544646363754714,25.708788930146973,-3.9473684210526487,-7.894736842105264,-0.25790074501321797,-0.0008688787843231661,1.6271287723440164,-1.6543363947723568,25.708788930146973,-4.026315789473702,-7.894736842105264
1.6271287723440164,-1.6543363947723568,25.708788930146973,-4.026315789473702,-7.894736842105264,-0.2275594808940159,-0.000766657793598254,1.6271370099287377,-1.6542129034947592,25.708788930146973,-4.105263157894754,-7.894736842105264
1.6271370099287377,-1.6542129034947592,25.708788930146973,-4.105263157894754,-7.894736842105264,-0.19721821677481374,-0.0006644367868515208,1.627146454027781,-1.6540949318254736,25.708788930146973,-4.184210526315807,-7.894736842105264
1.627146454027781,-1.6540949318254736,25.708788930146973,-4.184210526315807,-7.894736842105264,-0.16687695265561164,-0.0005622157662192056,1.6271570458095983,-1.6539832146631686,25.708788930146973,-4.263157894736859,-7.894736842105264
1.6271570458095983,-1.6539832146631686,25.708788930146973,-4.263157894736859,-7.894736842105264,-0.13653568853640954,-0.00045999473383754854,1.6271687192932105,-1.653878447944372,25.708788930146973,-4.342105263157912,-7.894736842105264
1.6271687192932105,-1.653878447944372,25.708788930146973,-4.342105263157912,-7.894736842105264,-0.1061944244172074,-0.0003577736918427917,1.6271814017592292,-1.6537812843081674,25.708788930146973,-4.421052631578965,-7.894736842105264
1.6271814017592292,-1.6537812843081674,25.708788930146973,-4.421052631578965,-7.894736842105264,-0.07585316029800529,-0.00025555264237117815,1.6271950142028613,-1.653692329030613,25.708788930146973,-4.500000000000017,-7.894736842105264
1.6271950142028613,-1.653692329030613,25.708788930146973,-4.500000000000017,-7.894736842105264,-0.045511896178803184,-0.00015333158755895205,1.6272094718260632,-1.6536121362542027,25.708788930146973,-4.57894736842107,-7.894736842105264
1.6272094718260632,-1.6536121362542027,25.708788930146973,-4.57894736842107,-7.894736842105264,-0.015170632059601064,-5.111052954235819e-05,1.6272246845657874,-1.6535412055358636,25.708788930146973,-4.657894736842122,-7.894736842105264
1.6272246845657874,-1.6535412055358636,25.708788930146973,-4.657894736842122,-7.894736842105264,0.01517063205960103,5.111052954235819e-05,1.6272405576550257,-1.6534799787349919,25.708788930146973,-4.736842105263175,-7.894736842105264
1.6272405576550257,-1.6534799787349919,25.708788930146973,-4.736842105263175,-7.894736842105264,0.04551189617880315,0.00015333158755895205,1.6272569922131552,-1.6534288372609096,25.708788930146973,-4.8157894736842275,-7.894736842105264
1.6272569922131552,-1.6534288372609096,25.708788930146973,-4.8157894736842275,-7.894736842105264,0.07585316029800529,0.00025555264237117815,1.6272738858619102,-1.6533880996968957,25.708788930146973,-4.894736842105281,-7.894736842105264
1.6272738858619102,-1.6533880996968957,25.708788930146973,-4.894736842105281,-7.894736842105264,0.1061944244172074,0.00035777369184279164,1.627291133363143,-1.653358019815587,25.708788930146973,-4.973684210526333,-7.894736842105264
1.627291133363143,-1.653358019815587,25.708788930146973,-4.973684210526333,-7.894736842105264,0.13653568853640954,0.00045999473383754864,1.6273086272743988,-1.653338784998114,25.708788930146973,-5.052631578947385,-7.894736842105264
1.6273086272743988,-1.653338784998114,25.708788930146973,-5.052631578947385,-7.894736842105264,0.16687695265561164,0.0005622157662192056,1.6273262586182247,-1.6533305150668187,25.708788930146973,-5.131578947368438,-7.894736842105264
1.6273262586182247,-1.6533305150668187,25.708788930146973,-5.131578947368438,-7.894736842105264,0.19721821677481371,0.0006644367868515209,1.6273439175610374,-1.6533332615388288,25.708788930146973,-5.210526315789491,-7.894736842105264
1.6273439175610374,-1.6533332615388288,25.708788930146973,-5.210526315789491,-7.894736842105264,0.22755948089401587,0.000766657793598254,1.6273614940973276,-1.6533470073051324,25.708788930146973,-5.289473684210544,-7.894736842105264
1.6273614940973276,-1.6533470073051324,25.708788930146973,-5.289473684210544,-7.894736842105264,0.25790074501321797,0.0008688787843231663,1.6273788787349337,-1.65337166673716,25.708788930146973,-5.368421052631597,-7.894736842105264
1.6273788787349337,-1.65337166673716,25.708788930146973,-5.368421052631597,-7.894736842105264,0.2882420091324201,0.0009710997568900206,1.6273959631771167,-1.653407086220201,25.708788930146973,-5.436842105263176,-6.842105263157895
1.6273959631771167,-1.653407086220201,25.708788930146973,-5.436842105263176,-6.842105263157895,-0.2882420091324201,-0.0009710997568900206,1.627412701278175,-1.6534516549811138,25.708788930146973,-5.505263157894756,-6.842105263157895
1.627412701278175,-1.6534516549811138,25.708788930146973,-5.505263157894756,-6.842105263157895,-0.25790074501321797,-0.0008688787843231661,1.627429014710249,-1.6535051644552823,25.708788930146973,-5.573684210526335,-6.842105263157895
1.627429014710249,-1.6535051644552823,25.708788930146973,-5.573684210526335,-6.842105263157895,-0.2275594808940159,-0.000766657793598254,1.6274448271327675,-1.6535673642390005,25.708788930146973,-5.642105263157914,-6.842105263157895
1.6274448271327675,-1.6535673642390005,25.708788930146973,-5.642105263157914,-6.842105263157895,-0.19721821677481374,-0.0006644367868515208,1.6274600645496906,-1.6536379632612648,25.708788930146973,-5.710526315789493,-6.842105263157895
1.6274600645496906,-1.6536379632612648,25.708788930146973,-5.710526315789493,-6.842105263157895,-0.16687695265561164,-0.0005622157662192056,1.6274746556557818,-1.6537166311458735,25.708788930146973,-5.778947368421073,-6.842105263157895
1.6274746556557818,-1.6537166311458735,25.708788930146973,-5.778947368421073,-6.842105263157895,-0.13653568853640954,-0.00045999473383754854,1.6274885321702914,-1.6538029997574608,25.708788930146973,-5.847368421052652,-6.842105263157895
1.6274885321702914,-1.6538029997574608,25.708788930146973,-5.847368421052652,-6.842105263157895,-0.1061944244172074,-0.0003577736918427917,1.627501629156482,-1.6538966649242277,25.708788930146973,-5.915789473684231,-6.842105263157895
1.627501629156482,-1.6538966649242277,25.708788930146973,-5.915789473684231,-6.842105263157895,-0.07585316029800529,-0.00025555264237117815,1.627513885325509,-1.6539971883293108,25.708788930146973,-5.9842105263158105,-6.842105263157895
1.627513885325509,-1.6539971883293108,25.708788930146973,-5.9842105263158105,-6.842105263157895,-0.045511896178803184,-0.00015333158755895205,1.6275252433232261,-1.654104099561935,25.708788930146973,-6.0526315789473895,-6.842105263157895
1.6275252433232261,-1.654104099561935,25.708788930146973,-6.0526315789473895,-6.842105263157895,-0.015170632059601064,-5.111052954235819e-05,1.6275356499985845,-1.6542168983187566,25.708788930146973,-6.121052631578968,-6.842105263157895
1.6275356499985845,-1.6542168983187566,25.708788930146973,-6.121052631578968,-6.842105263157895,0.01517063205960103,5.111052954235819e-05,1.6275450566523557,-1.6543350567450887,25.708788930146973,-6.189473684210547,-6.842105263157895
1.6275450566523557,-1.6543350567450887,25.708788930146973,-6.189473684210547,-6.842105263157895,0.04551189617880315,0.00015333158755895205,1.6275534192650276,-1.6544580219050569,25.708788930146973,-6.257894736842127,-6.842105263157895
1.6275534192650276,-1.6544580219050569,25.708788930146973,-6.257894736842127,-6.842105263157895,0.07585316029800529,0.00025555264237117815,1.6275606987027975,-1.6545852183691276,25.708788930146973,-6.326315789473706,-6.842105263157895
1.6275606987027975,-1.6545852183691276,25.708788930146973,-6.326315789473706,-6.842105263157895,0.1061944244172074,0.00035777369184279164,1.6275668609007032,-1.6547160509068954,25.708788930146973,-6.394736842105285,-6.842105263157895
1.6275668609007032,-1.6547160509068954,25.708788930146973,-6.394736842105285,-6.842105263157895,0.13653568853640954,0.00045999473383754864,1.6275718770220353,-1.6548499072725318,25.708788930146973,-6.463157894736865,-6.842105263157895
1.6275718770220353,-1.6548499072725318,25.708788930146973,-6.463157894736865,-6.842105263157895,0.16687695265561164,0.0005622157662192056,1.6275757235932795,-1.65498616106986,25.708788930146973,-6.531578947368444,-6.842105263157895
1.6275757235932795,-1.65498616106986,25.708788930146973,-6.531578947368444,-6.842105263157895,0.19721821677481371,0.0006644367868515209,1.6275783826139656,-1.6551241746836476,25.708788930146973,-6.600000000000023,-6.842105263157895
1.6275783826139656,-1.6551241746836476,25.708788930146973,-6.600000000000023,-6.842105263157895,0.22755948089401587,0.000766657793598254,1.6275798416409026,-1.6552633022633993,25.708788930146973,-6.668421052631602,-6.842105263157895
1.6275798416409026,-1.6552633022633993,25.708788930146973,-6.668421052631602,-6.842105263157895,0.25790074501321797,0.0008688787843231663,1.6275800938464067,-1.6554028927456892,25.708788930146973,-6.7368421052631815,-6.842105263157895
1.6275800938464067,-1.6554028927456892,25.708788930146973,-6.7368421052631815,-6.842105263157895,0.2882420091324201,0.0009710997568900206,1.6275791380502533,-1.655542292900885,25.708788930146973,-6.794736842105286,-5.7894736842105265
1.6275791380502533,-1.655542292900885,25.708788930146973,-6.794736842105286,-5.7894736842105265,-0.2882420091324201,-0.0009710997568900206,1.6275771633663612,-1.6556810223681142,25.708788930146973,-6.852631578947392,-5.7894736842105265
1.6275771633663612,-1.6556810223681142,25.708788930146973,-6.852631578947392,-5.7894736842105265,-0.25790074501321797,-0.0008688787843231661,1.6275741764116276,-1.6558186162837372,25.708788930146973,-6.910526315789497,-5.7894736842105265
1.6275741764116276,-1.6558186162837372,25.708788930146973,-6.910526315789497,-5.7894736842105265,-0.2275594808940159,-0.000766657793598254,1.6275701871949337,-1.6559546135891945,25.708788930146973,-6.968421052631602,-5.7894736842105265
1.6275701871949337,-1.6559546135891945,25.708788930146973,-6.968421052631602,-5.7894736842105265,-0.19721821677481374,-0.0006644367868515208,1.6275652090836032,-1.6560885585759506,25.708788930146973,-7.026315789473707,-5.7894736842105265
1.6275652090836032,-1.6560885585759506,25.708788930146973,-7.026315789473707,-5.7894736842105265,-0.16687695265561164,-0.0005622157662192056,1.627559258758613,-1.6562200024125118,25.708788930146973,-7.084210526315813,-5.7894736842105265
1.627559258758613,-1.6562200024125118,25.708788930146973,-7.084210526315813,-5.7894736842105265,-0.13653568853640954,-0.00045999473383754854,1.627552356158695,-1.6563485046483999,25.708788930146973,-7.142105263157918,-5.7894736842105265
1.627552356158695,-1.6563485046483999,25.708788930146973,-7.142105263157918,-5.7894736842105265,-0.1061944244172074,-0.0003577736918427917,1.6275445244135265,-1.6564736346900413,25.708788930146973,-7.200000000000023,-5.7894736842105265
1.6275445244135265,-1.6564736346900413,25.708788930146973,-7.200000000000023,-5.7894736842105265,-0.07585316029800529,-0.00025555264237117815,1.6275357897662233,-1.656594973243629,25.708788930146973,-7.257894736842128,-5.7894736842105265
1.6275357897662233,-1.656594973243629,25.708788930146973,-7.257894736842128,-5.7894736842105265,-0.045511896178803184,-0.00015333158755895205,1.6275261814854045,-1.6567121137201173,25.708788930146973,-7.315789473684234,-5.7894736842105265
1.6275261814854045,-1.6567121137201173,25.708788930146973,-7.315789473684234,-5.7894736842105265,-0.015170632059601064,-5.111052954235819e-05,1.627515731767117,-1.6568246635976491,25.708788930146973,-7.3736842105263385,-5.7894736842105265
1.627515731767117,-1.6568246635976491,25.708788930146973,-7.3736842105263385,-5.7894736842105265,0.01517063205960103,5.111052954235819e-05,1.6275044756269503,-1.6569322457368412,25.708788930146973,-7.431578947368443,-5.7894736842105265
1.6275044756269503,-1.6569322457368412,25.708788930146973,-7.431578947368443,-5.7894736842105265,0.04551189617880315,0.00015333158755895205,1.627492450782704,-1.6570344996445285,25.708788930146973,-7.489473684210549,-5.7894736842105265
1.627492450782704,-1.6570344996445285,25.708788930146973,-7.489473684210549,-5.7894736842105265,0.07585316029800529,0.00025555264237117815,1.627479697528001,-1.6571310826817276,25.708788930146973,-7.547368421052654,-5.7894736842105265
1.627479697528001,-1.6571310826817276,25.708788930146973,-7.547368421052654,-5.7894736842105265,0.1061944244172074,0.00035777369184279164,1.6274662585972697,-1.6572216712117733,25.708788930146973,-7.605263157894759,-5.7894736842105265
1.6274662585972697,-1.6572216712117733,25.708788930146973,-7.605263157894759,-5.7894736842105265,0.13653568853640954,0.00045999473383754864,1.6274521790225447,-1.6573059616847807,25.708788930146973,-7.663157894736864,-5.7894736842105265
1.6274521790225447,-1.6573059616847807,25.708788930146973,-7.663157894736864,-5.7894736842105265,0.16687695265561164,0.0005622157662192056,1.6274375059825723,-1.6573836716548012,25.708788930146973,-7.72105263157897,-5.7894736842105265
1.6274375059825723,-1.6573836716548012,25.708788930146973,-7.72105263157897,-5.7894736842105265,0.19721821677481371,0.0006644367868515209,1.6274222886447212,-1.6574545407262589,25.708788930146973,-7.778947368421075,-5.7894736842105265
1.6274222886447212,-1.6574545407262589,25.708788930146973,-7.778947368421075,-5.7894736842105265,0.22755948089401587,0.000766657793598254,1.6274065780002267,-1.6575183314265023,25.708788930146973,-7.83684210526318,-5.7894736842105265
1.6274065780002267,-1.6575183314265023,25.708788930146973,-7.83684210526318,-5.7894736842105265,0.25790074501321797,0.0008688787843231663,1.6273904266933292,-1.657574830001542,25.708788930146973,-7.894736842105285,-5.7894736842105265
1.6273904266933292,-1.657574830001542,25.708788930146973,-7.894736842105285,-5.7894736842105265,0.2882420091324201,0.0009710997568900206,1.6273738888448692,-1.6576238471323115,25.708788930146973,-7.9421052631579165,-4.7368421052631575
1.6273738888448692,-1.6576238471323115,25.708788930146973,-7.9421052631579165,-4.7368421052631575,-0.2882420091324201,-0.0009710997568900206,1.627357075901188,-1.6576666197639458,25.708788930146973,-7.989473684210548,-4.7368421052631575
1.627357075901188,-1.6576666197639458,25.708788930146973,-7.989473684210548,-4.7368421052631575,-0.25790074501321797,-0.0008688787843231661,1.6273400255795663,-1.6577030519425555,25.708788930146973,-8.03684210526318,-4.7368421052631575
1.6273400255795663,-1.6577030519425555,25.708788930146973,-8.03684210526318,-4.7368421052631575,-0.2275594808940159,-0.000766657793598254,1.6273227761298052,-1.6577330619380932,25.708788930146973,-8.084210526315811,-4.7368421052631575
1.6273227761298052,-1.6577330619380932,25.708788930146973,-8.084210526315811,-4.7368421052631575,-0.19721821677481374,-0.0006644367868515208,1.6273053662484205,-1.6577565824277005,25.708788930146973,-8.13157894736844,-4.7368421052631575
1.6273053662484205,-1.6577565824277005,25.708788930146973,-8.13157894736844,-4.7368421052631575,-0.16687695265561164,-0.0005622157662192056,1.627287834991831,-1.6577735606467394,25.708788930146973,-8.178947368421072,-4.7368421052631575
1.627287834991831,-1.6577735606467394,25.708788930146973,-8.178947368421072,-4.7368421052631575,-0.13653568853640954,-0.00045999473383754854,1.6272702216887427,-1.657783958507159,25.708788930146973,-8.226315789473704,-4.7368421052631575
1.6272702216887427,-1.657783958507159,25.708788930146973,-8.226315789473704,-4.7368421052631575,-0.1061944244172074,-0.0003577736918427917,1.6272525658519206,-1.6577877526829425,25.708788930146973,-8.273684210526335,-4.7368421052631575
1.6272525658519206,-1.6577877526829425,25.708788930146973,-8.273684210526335,-4.7368421052631575,-0.07585316029800529,-0.00025555264237117815,1.627234907089547,-1.6577849346624338,25.708788930146973,-8.321052631578967,-4.7368421052631575
1.627234907089547,-1.6577849346624338,25.708788930146973,-8.321052631578967,-4.7368421052631575,-0.045511896178803184,-0.00015333158755895205,1.6272172850163682,-1.6577755107674326,25.708788930146973,-8.368421052631598,-4.7368421052631575
1.6272172850163682,-1.6577755107674326,25.708788930146973,-8.368421052631598,-4.7368421052631575,-0.015170632059601064,-5.111052954235819e-05,1.627199739164823,-1.6577595021390135,25.708788930146973,-8.415789473684228,-4.7368421052631575
1.627199739164823,-1.6577595021390135,25.708788930146973,-8.415789473684228,-4.7368421052631575,0.01517063205960103,5.111052954235819e-05,1.627182308896359,-1.6577369446900978,25.708788930146973,-8.46315789473686,-4.7368421052631575
1.627182308896359,-1.6577369446900978,25.708788930146973,-8.46315789473686,-4.7368421052631575,0.04551189617880315,0.00015333158755895205,1.627165033313131,-1.657707889024889,25.708788930146973,-8.510526315789491,-4.7368421052631575
1.627165033313131,-1.657707889024889,25.708788930146973,-8.510526315789491,-4.7368421052631575,0.07585316029800529,0.00025555264237117815,1.6271479511702802,-1.6576724003253496,25.708788930146973,-8.557894736842123,-4.7368421052631575
1.6271479511702802,-1.6576724003253496,25.708788930146973,-8.557894736842123,-4.7368421052631575,0.1061944244172074,0.00035777369184279164,1.6271311007889944,-1.6576305582049762,25.708788930146973,-8.605263157894754,-4.7368421052631575
1.6271311007889944,-1.6576305582049762,25.708788930146973,-8.605263157894754,-4.7368421052631575,0.13653568853640954,0.00045999473383754864,1.6271145199705395,-1.657582456530197,25.708788930146973,-8.652631578947386,-4.7368421052631575
1.6271145199705395,-1.657582456530197,25.708788930146973,-8.652631578947386,-4.7368421052631575,0.16687695265561164,0.0005622157662192056,1.6270982459114582,-1.6575282032097995,25.708788930146973,-8.700000000000015,-4.7368421052631575
1.6270982459114582,-1.6575282032097995,25.708788930146973,-8.700000000000015,-4.7368421052631575,0.19721821677481371,0.0006644367868515209,1.6270823151201252,-1.6574679199528495,25.708788930146973,-8.747368421052647,-4.7368421052631575
1.6270823151201252,-1.6574679199528495,25.708788930146973,-8.747368421052647,-4.7368421052631575,0.22755948089401587,0.000766657793598254,1.6270667633348461,-1.65740174199566,25.708788930146973,-8.794736842105278,-4.7368421052631575
1.6270667633348461,-1.65740174199566,25.708788930146973,-8.794736842105278,-4.7368421052631575,0.25790074501321797,0.0008688787843231663,1.6270516254436842,-1.6573298177984057,25.708788930146973,-8.84210526315791,-4.7368421052631575
1.6270516254436842,-1.6573298177984057,25.708788930146973,-8.84210526315791,-4.7368421052631575,0.2882420091324201,0.0009710997568900206,1.6270369354061949,-1.6572523087120763,25.708788930146973,-8.878947368421068,-3.6842105263157894
1.6270369354061949,-1.6572523087120763,25.708788930146973,-8.878947368421068,-3.6842105263157894,-0.2882420091324201,-0.0009710997568900206,1.6270226165370503,-1.6571705754083639,25.708788930146973,-8.915789473684226,-3.6842105263157894
1.6270226165370503,-1.6571705754083639,25.708788930146973,-8.915789473684226,-3.6842105263157894,-0.25790074501321797,-0.0008688787843231661,1.6270086882696364,-1.657084728814662,25.708788930146973,-8.952631578947384,-3.6842105263157894
1.6270086882696364,-1.657084728814662,25.708788930146973,-8.952631578947384,-3.6842105263157894,-0.2275594808940159,-0.000766657793598254,1.6269951695072191,-1.6569948854408678,25.708788930146973,-8.989473684210543,-3.6842105263157894
1.6269951695072191,-1.6569948854408678,25.708788930146973,-8.989473684210543,-3.6842105263157894,-0.19721821677481374,-0.0006644367868515208,1.6269820785972904,-1.6569011672212584,25.708788930146973,-9.026315789473701,-3.6842105263157894
1.6269820785972904,-1.6569011672212584,25.708788930146973,-9.026315789473701,-3.6842105263157894,-0.16687695265561164,-0.0005622157662192056,1.6269694333066649,-1.656803701349001,25.708788930146973,-9.06315789473686,-3.6842105263157894
1.6269694333066649,-1.656803701349001,25.708788930146973,-9.06315789473686,-3.6842105263157894,-0.13653568853640954,-0.00045999473383754854,1.6269572507973695,-1.6567026201035298,25.708788930146973,-9.10000000000002,-3.6842105263157894
1.6269572507973695,-1.6567026201035298,25.708788930146973,-9.10000000000002,-3.6842105263157894,-0.1061944244172074,-0.0003577736918427917,1.6269455476033496,-1.656598060671017,25.708788930146973,-9.136842105263177,-3.6842105263157894
1.6269455476033496,-1.656598060671017,25.708788930146973,-9.136842105263177,-3.6842105263157894,-0.07585316029800529,-0.00025555264237117815,1.626934339608031,-1.6564901649581851,25.708788930146973,-9.173684210526336,-3.6842105263157894
1.626934339608031,-1.6564901649581851,25.708788930146973,-9.173684210526336,-3.6842105263157894,-0.045511896178803184,-0.00015333158755895205,1.6269236420227604,-1.6563790793997148,25.708788930146973,-9.210526315789494,-3.6842105263157894
1.6269236420227604,-1.6563790793997148,25.708788930146973,-9.210526315789494,-3.6842105263157894,-0.015170632059601064,-5.111052954235819e-05,1.6269134693661642,-1.6562649547595034,25.708788930146973,-9.247368421052652,-3.6842105263157894
1.6269134693661642,-1.6562649547595034,25.708788930146973,-9.247368421052652,-3.6842105263157894,0.01517063205960103,5.111052954235819e-05,1.6269038354444412,-1.656147945926051,25.708788930146973,-9.28421052631581,-3.6842105263157894
1.6269038354444412,-1.656147945926051,25.708788930146973,-9.28421052631581,-3.6842105263157894,0.04551189617880315,0.00015333158755895205,1.6268947533326272,-1.6560282117022487,25.708788930146973,-9.321052631578969,-3.6842105263157894
1.6268947533326272,-1.6560282117022487,25.708788930146973,-9.321052631578969,-3.6842105263157894,0.07585316029800529,0.00025555264237117815,1.6268862353568476,-1.655905914589852,25.708788930146973,-9.357894736842127,-3.6842105263157894
1.6268862353568476,-1.655905914589852,25.708788930146973,-9.357894736842127,-3.6842105263157894,0.1061944244172074,0.00035777369184279164,1.6268782930775905,-1.6557812205689353,25.708788930146973,-9.394736842105285,-3.6842105263157894
1.6268782930775905,-1.6557812205689353,25.708788930146973,-9.394736842105285,-3.6842105263157894,0.13653568853640954,0.00045999473383754864,1.6268709372740153,-1.655654298872628,25.708788930146973,-9.431578947368443,-3.6842105263157894
1.6268709372740153,-1.655654298872628,25.708788930146973,-9.431578947368443,-3.6842105263157894,0.16687695265561164,0.0005622157662192056,1.6268641779293245,-1.6555253217574304,25.708788930146973,-9.468421052631601,-3.6842105263157894
1.6268641779293245,-1.6555253217574304,25.708788930146973,-9.468421052631601,-3.6842105263157894,0.19721821677481371,0.0006644367868515209,1.6268580242172144,-1.6553944642694323,25.708788930146973,-9.50526315789476,-3.6842105263157894
1.6268580242172144,-1.6553944642694323,25.708788930146973,-9.50526315789476,-3.6842105263157894,0.22755948089401587,0.000766657793598254,1.6268524844894234,-1.6552619040067411,25.708788930146973,-9.54210526315792,-3.6842105263157894
1.6268524844894234,-1.6552619040067411,25.708788930146973,-9.54210526315792,-3.6842105263157894,0.25790074501321797,0.0008688787843231663,1.6268475662644004,-1.655127820878448,25.708788930146973,-9.578947368421078,-3.6842105263157894
1.6268475662644004,-1.655127820878448,25.708788930146973,-9.578947368421078,-3.6842105263157894,0.2882420091324201,0.0009710997568900206,1.6268432762170966,-1.6549923968604572,25.708788930146973,-9.605263157894761,-2.6315789473684212
1.6268432762170966,-1.6549923968604572,25.708788930146973,-9.605263157894761,-2.6315789473684212,-0.2882420091324201,-0.0009710997568900206,1.6268394384829328,-1.6548561274958515,25.708788930146973,-9.631578947368446,-2.6315789473684212
1.6268394384829328,-1.6548561274958515,25.708788930146973,-9.631578947368446,-2.6315789473684212,-0.25790074501321797,-0.0008688787843231661,1.6268360557194665,-1.6547191071485505,25.708788930146973,-9.657894736842131,-2.6315789473684212
1.6268360557194665,-1.6547191071485505,25.708788930146973,-9.657894736842131,-2.6315789473684212,-0.2275594808940159,-0.000766657793598254,1.6268331302691967,-1.6545814307025155,25.708788930146973,-9.684210526315814,-2.6315789473684212
1.6268331302691967,-1.6545814307025155,25.708788930146973,-9.684210526315814,-2.6315789473684212,-0.19721821677481374,-0.0006644367868515208,1.626830664157941,-1.6544431934960437,25.708788930146973,-9.7105263157895,-2.6315789473684212
1.626830664157941,-1.6544431934960437,25.708788930146973,-9.7105263157895,-2.6315789473684212,-0.16687695265561164,-0.0005622157662192056,1.6268286590934347,-1.6543044912557479,25.708788930146973,-9.736842105263184,-2.6315789473684212
1.6268286590934347,-1.6543044912557479,25.708788930146973,-9.736842105263184,-2.6315789473684212,-0.13653568853640954,-0.00045999473383754854,1.6268271164641461,-1.6541654200302678,25.708788930146973,-9.763157894736867,-2.6315789473684212
1.6268271164641461,-1.6541654200302678,25.708788930146973,-9.763157894736867,-2.6315789473684212,-0.1061944244172074,-0.0003577736918427917,1.6268260373383165,-1.6540260761237586,25.708788930146973,-9.789473684210552,-2.6315789473684212
1.6268260373383165,-1.6540260761237586,25.708788930146973,-9.789473684210552,-2.6315789473684212,-0.07585316029800529,-0.00025555264237117815,1.6268254224632197,-1.6538865560292018,25.708788930146973,-9.815789473684237,-2.6315789473684212
1.6268254224632197,-1.6538865560292018,25.708788930146973,-9.815789473684237,-2.6315789473684212,-0.045511896178803184,-0.00015333158755895205,1.6268252722646452,-1.6537469563615852,25.708788930146973,-9.84210526315792,-2.6315789473684212
1.6268252722646452,-1.6537469563615852,25.708788930146973,-9.84210526315792,-2.6315789473684212,-0.015170632059601064,-5.111052954235819e-05,1.6268255868466026,-1.653607373791,25.708788930146973,-9.868421052631605,-2.6315789473684212
1.6268255868466026,-1.653607373791,25.708788930146973,-9.868421052631605,-2.6315789473684212,0.01517063205960103,5.111052954235819e-05,1.6268263659912494,-1.6534679049756984,25.708788930146973,-9.89473684210529,-2.6315789473684212
1.6268263659912494,-1.6534679049756984,25.708788930146973,-9.89473684210529,-2.6315789473684212,0.04551189617880315,0.00015333158755895205,1.626827609159044,-1.6533286464951582,25.708788930146973,-9.921052631578974,-2.6315789473684212
1.626827609159044,-1.6533286464951582,25.708788930146973,-9.921052631578974,-2.6315789473684212,0.07585316029800529,0.00025555264237117815,1.6268293154891154,-1.6531896947832052,25.708788930146973,-9.947368421052659,-2.6315789473684212
1.6268293154891154,-1.6531896947832052,25.708788930146973,-9.947368421052659,-2.6315789473684212,0.1061944244172074,0.00035777369184279164,1.626831483799863,-1.6530511460612336,25.708788930146973,-9.973684210526343,-2.6315789473684212
1.626831483799863,-1.6530511460612336,25.708788930146973,-9.973684210526343,-2.6315789473684212,0.13653568853640954,0.00045999473383754864,1.6268341125897736,-1.6529130962715748,25.708788930146973,-10.000000000000027,-2.6315789473684212
1.6268341125897736,-1.6529130962715748,25.708788930146973,-10.000000000000027,-2.6315789473684212,0.16687695265561164,0.0005622157662192056,1.6268372000384606,-1.652775641011059,25.708788930146973,-10.026315789473712,-2.6315789473684212
1.6268372000384606,-1.652775641011059,25.708788930146973,-10.026315789473712,-2.6315789473684212,0.19721821677481371,0.0006644367868515209,1.6268407440079247,-1.6526388754648167,25.708788930146973,-10.052631578947397,-2.6315789473684212
1.6268407440079247,-1.6526388754648167,25.708788930146973,-10.052631578947397,-2.6315789473684212,0.22755948089401587,0.000766657793598254,1.6268447420440353,-1.652502894340364,25.708788930146973,-10.078947368421082,-2.6315789473684212
1.6268447420440353,-1.652502894340364,25.708788930146973,-10.078947368421082,-2.6315789473684212,0.25790074501321797,0.0008688787843231663,1.6268491913782293,-1.6523677918020203,25.708788930146973,-10.105263157894765,-2.6315789473684212
1.6268491913782293,-1.6523677918020203,25.708788930146973,-10.105263157894765,-2.6315789473684212,0.2882420091324201,0.0009710997568900206,1.6268540889294276,-1.6522336614057012,25.708788930146973,-10.121052631578975,-1.578947368421053
1.6268540889294276,-1.6522336614057012,25.708788930146973,-10.121052631578975,-1.578947368421053,-0.2882420091324201,-0.0009710997568900206,1.626859253802697,-1.6521001589240705,25.708788930146973,-10.136842105263186,-1.578947368421053
1.626859253802697,-1.6521001589240705,25.708788930146973,-10.136842105263186,-1.578947368421053,-0.25790074501321797,-0.0008688787843231661,1.6268646847104227,-1.6519673176396041,25.708788930146973,-10.152631578947396,-1.578947368421053
1.6268646847104227,-1.6519673176396041,25.708788930146973,-10.152631578947396,-1.578947368421053,-0.2275594808940159,-0.000766657793598254,1.626870380298667,-1.6518351706699397,25.708788930146973,-10.168421052631606,-1.578947368421053
1.626870380298667,-1.6518351706699397,25.708788930146973,-10.168421052631606,-1.578947368421053,-0.19721821677481374,-0.0006644367868515208,1.6268763391475065,-1.6517037509596206,25.708788930146973,-10.184210526315818,-1.578947368421053
1.6268763391475065,-1.6517037509596206,25.708788930146973,-10.184210526315818,-1.578947368421053,-0.16687695265561164,-0.0005622157662192056,1.6268825597713865,-1.6515730912718831,25.708788930146973,-10.200000000000028,-1.578947368421053
1.6268825597713865,-1.6515730912718831,25.708788930146973,-10.200000000000028,-1.578947368421053,-0.13653568853640954,-0.00045999473383754854,1.6268890406194911,-1.6514432241804875,25.708788930146973,-10.215789473684238,-1.578947368421053
1.6268890406194911,-1.6514432241804875,25.708788930146973,-10.215789473684238,-1.578947368421053,-0.1061944244172074,-0.0003577736918427917,1.6268957800761303,-1.6513141820615984,25.708788930146973,-10.231578947368448,-1.578947368421053
1.6268957800761303,-1.6513141820615984,25.708788930146973,-10.231578947368448,-1.578947368421053,-0.07585316029800529,-0.00025555264237117815,1.6269027764611417,-1.6511859970857132,25.708788930146973,-10.24736842105266,-1.578947368421053
1.6269027764611417,-1.6511859970857132,25.708788930146973,-10.24736842105266,-1.578947368421053,-0.045511896178803184,-0.00015333158755895205,1.6269100280303106,-1.6510587012096407,25.708788930146973,-10.26315789473687,-1.578947368421053
1.6269100280303106,-1.6510587012096407,25.708788930146973,-10.26315789473687,-1.578947368421053,-0.015170632059601064,-5.111052954235819e-05,1.626917532975804,-1.6509323261685358,25.708788930146973,-10.278947368421079,-1.578947368421053
1.626917532975804,-1.6509323261685358,25.708788930146973,-10.278947368421079,-1.578947368421053,0.01517063205960103,5.111052954235819e-05,1.626925289426622,-1.6508069034679869,25.708788930146973,-10.29473684210529,-1.578947368421053
1.626925289426622,-1.6508069034679869,25.708788930146973,-10.29473684210529,-1.578947368421053,0.04551189617880315,0.00015333158755895205,1.626933295449063,-1.6506824643761613,25.708788930146973,-10.3105263157895,-1.578947368421053
1.626933295449063,-1.6506824643761613,25.708788930146973,-10.3105263157895,-1.578947368421053,0.07585316029800529,0.00025555264237117815,1.626941549047208,-1.6505590399160113,25.708788930146973,-10.32631578947371,-1.578947368421053
1.626941549047208,-1.6505590399160113,25.708788930146973,-10.32631578947371,-1.578947368421053,0.1061944244172074,0.00035777369184279164,1.6269500481634154,-1.6504366608575385,25.708788930146973,-10.34210526315792,-1.578947368421053
1.6269500481634154,-1.6504366608575385,25.708788930146973,-10.34210526315792,-1.578947368421053,0.13653568853640954,0.00045999473383754864,1.626958790678836,-1.6503153577101233,25.708788930146973,-10.357894736842132,-1.578947368421053
1.626958790678836,-1.6503153577101233,25.708788930146973,-10.357894736842132,-1.578947368421053,0.16687695265561164,0.0005622157662192056,1.6269677744139408,-1.6501951607149197,25.708788930146973,-10.373684210526342,-1.578947368421053
1.6269677744139408,-1.6501951607149197,25.708788930146973,-10.373684210526342,-1.578947368421053,0.19721821677481371,0.0006644367868515209,1.626976997129064,-1.650076099837315,25.708788930146973,-10.389473684210552,-1.578947368421053
1.626976997129064,-1.650076099837315,25.708788930146973,-10.389473684210552,-1.578947368421053,0.22755948089401587,0.000766657793598254,1.6269864565249617,-1.6499582047594596,25.708788930146973,-10.405263157894764,-1.578947368421053
1.6269864565249617,-1.6499582047594596,25.708788930146973,-10.405263157894764,-1.578947368421053,0.25790074501321797,0.0008688787843231663,1.626996150243384,-1.6498415048728676,25.708788930146973,-10.421052631578974,-1.578947368421053
1.626996150243384,-1.6498415048728676,25.708788930146973,-10.421052631578974,-1.578947368421053,0.2882420091324201,0.0009710997568900206,1.6270060758676654,-1.6497260292710891,25.708788930146973,-10.42631578947371,-0.526315789473685
1.6270060758676654,-1.6497260292710891,25.708788930146973,-10.42631578947371,-0.526315789473685,-0.2882420091324201,-0.0009710997568900206,1.6270160782468523,-1.6496109681769358,25.708788930146973,-10.431578947368449,-0.526315789473685
1.6270160782468523,-1.6496109681769358,25.708788930146973,-10.431578947368449,-0.526315789473685,-0.25790074501321797,-0.0008688787843231661,1.6270261571038716,-1.6494963247776884,25.708788930146973,-10.436842105263185,-0.526315789473685
1.6270261571038716,-1.6494963247776884,25.708788930146973,-10.436842105263185,-0.526315789473685,-0.2275594808940159,-0.000766657793598254,1.6270363121595308,-1.6493821022490565,25.708788930146973,-10.442105263157924,-0.526315789473685
1.6270363121595308,-1.6493821022490565,25.708788930146973,-10.442105263157924,-0.526315789473685,-0.19721821677481374,-0.0006644367868515208,1.6270465431325272,-1.6492683037550921,25.708788930146973,-10.44736842105266,-0.526315789473685
1.6270465431325272,-1.6492683037550921,25.708788930146973,-10.44736842105266,-0.526315789473685,-0.16687695265561164,-0.0005622157662192056,1.6270568497394549,-1.6491549324481007,25.708788930146973,-10.452631578947399,-0.526315789473685
1.6270568497394549,-1.6491549324481007,25.708788930146973,-10.452631578947399,-0.526315789473685,-0.13653568853640954,-0.00045999473383754854,1.6270672316948134,-1.6490419914685546,25.708788930146973,-10.457894736842135,-0.526315789473685
1.6270672316948134,-1.6490419914685546,25.708788930146973,-10.457894736842135,-0.526315789473685,-0.1061944244172074,-0.0003577736918427917,1.6270776887110139,-1.6489294839450057,25.708788930146973,-10.463157894736874,-0.526315789473685
1.6270776887110139,-1.6489294839450057,25.708788930146973,-10.463157894736874,-0.526315789473685,-0.07585316029800529,-0.00025555264237117815,1.6270882204983894,-1.648817412993998,25.708788930146973,-10.46842105263161,-0.526315789473685
1.6270882204983894,-1.648817412993998,25.708788930146973,-10.46842105263161,-0.526315789473685,-0.045511896178803184,-0.00015333158755895205,1.6270988267652016,-1.6487057817199837,25.708788930146973,-10.473684210526349,-0.526315789473685
1.6270988267652016,-1.6487057817199837,25.708788930146973,-10.473684210526349,-0.526315789473685,-0.015170632059601064,-5.111052954235819e-05,1.6271095072176482,-1.648594593215234,25.708788930146973,-10.478947368421087,-0.526315789473685
1.6271095072176482,-1.648594593215234,25.708788930146973,-10.478947368421087,-0.526315789473685,0.01517063205960103,5.111052954235819e-05,1.627120261559873,-1.6484838505597563,25.708788930146973,-10.484210526315824,-0.526315789473685
1.627120261559873,-1.6484838505597563,25.708788930146973,-10.484210526315824,-0.526315789473685,0.04551189617880315,0.00015333158755895205,1.6271310894939721,-1.6483735568212068,25.708788930146973,-10.489473684210562,-0.526315789473685
1.6271310894939721,-1.6483735568212068,25.708788930146973,-10.489473684210562,-0.526315789473685,0.07585316029800529,0.00025555264237117815,1.6271419907200035,-1.6482637150548067,25.708788930146973,-10.494736842105299,-0.526315789473685
1.6271419907200035,-1.6482637150548067,25.708788930146973,-10.494736842105299,-0.526315789473685,0.1061944244172074,0.00035777369184279164,1.627152964935995,-1.6481543283032574,25.708788930146973,-10.500000000000037,-0.526315789473685
1.627152964935995,-1.6481543283032574,25.708788930146973,-10.500000000000037,-0.526315789473685,0.13653568853640954,0.00045999473383754864,1.6271640118379525,-1.6480453995966555,25.708788930146973,-10.505263157894774,-0.526315789473685
1.6271640118379525,-1.6480453995966555,25.708788930146973,-10.505263157894774,-0.526315789473685,0.16687695265561164,0.0005622157662192056,1.627175131119868,-1.64793693195241,25.708788930146973,-10.510526315789512,-0.526315789473685
1.627175131119868,-1.64793693195241,25.708788930146973,-10.510526315789512,-0.526315789473685,0.19721821677481371,0.0006644367868515209,1.6271863224737289,-1.647828928375158,25.708788930146973,-10.515789473684249,-0.526315789473685
1.6271863224737289,-1.647828928375158,25.708788930146973,-10.515789473684249,-0.526315789473685,0.22755948089401587,0.000766657793598254,1.627197585589526,-1.6477213918566804,25.708788930146973,-10.521052631578987,-0.526315789473685
1.627197585589526,-1.6477213918566804,25.708788930146973,-10.521052631578987,-0.526315789473685,0.25790074501321797,0.0008688787843231663,1.627208920155263,-1.6476143253758226,25.708788930146973,-10.526315789473724,-0.526315789473685
1.627208920155263,-1.6476143253758226,25.708788930146973,-10.526315789473724,-0.526315789473685,0.2882420091324201,0.0009710997568900206,1.6272203258569633,-1.6475077318984077,25.708788930146973,-10.521052631578987,0.526315789473685
